"","Running Backs","Team","Rank","ADP","vs. ADP"
"Running Back Busts","RJ Harvey","DEN","108","62","-46"
"Running Back Busts","Brian Robinson Jr.","ATL","148","119","-29"
"Running Back Busts","Kyle Monangai","CHI","101","77","-24"
"Running Back Busts","Kenny Gainwell","TB","113","89","-24"
"Running Back Busts","Jeremiyah Love","ARI","45","22","-23"
"Running Back Busts","Woody Marks","HOU","129","106","-23"
"Running Back Busts","Bucky Irving","TB","56","36","-20"
"Running Back Busts","Tyler Allgeier","ARI","127","107","-20"
"Running Back Busts","TreVeyon Henderson","NE","67","48","-19"
"Running Back Busts","Aaron Jones Sr.","MIN","119","101","-18"
"Running Back Busts","Zach Charbonnet","SEA","140","122","-18"
"Running Back Busts","Cam Skattebo","NYG","55","38","-17"
"Running Back Busts","Jaylen Warren","PIT","76","59","-17"
"Running Back Busts","Chuba Hubbard","CAR","96","80","-16"
""
"","Wide Receivers","Team","Rank","ADP","vs. ADP"
"Wide Receiver Busts","Jordyn Tyson","NO","135","99","-36"
"Wide Receiver Busts","Wan'Dale Robinson","TEN","121","92","-29"
"Wide Receiver Busts","Michael Wilson","ARI","97","75","-22"
"Wide Receiver Busts","Jakobi Meyers","JAC","114","96","-18"
""
"","Quarterbacks","Team","Rank","ADP","vs. ADP"
"Quarterback Busts","No busts found for the filters selected"
""
"","Tight Ends","Team","Rank","ADP","vs. ADP"
"Tight End Busts","Harold Fannin Jr.","CLE","87","65","-22"
"Tight End Busts","Jake Ferguson","DAL","131","110","-21"
"Tight End Busts","Juwan Johnson","NO","134","116","-18"
""
""