RK,PLAYER,POS,GP,1,2,3,4,5,6,7,8,9,10,11,12,13,14,15,16,17,18,AVG,TTL
1,Josh Allen   BUF,QB,17,38.8,11.8,23.0,25.9,20.4,17.4,BYE,23.2,28.8,20.3,44.7,10.1,17.7,37.8,24.5,6.9,23.2,0.0,22.0,374.6
2,Drake Maye   NE,QB,17,15.8,26.3,20.2,23.2,12.1,27.2,23.1,27.3,17.4,19.1,15.4,17.0,20.5,BYE,21.5,24.7,32.4,15.7,21.1,359.0
3,Matthew Stafford   LAR,QB,17,13.6,18.3,14.8,27.4,25.6,9.3,27.4,BYE,26.8,26.9,13.2,22.9,13.6,23.2,21.9,30.9,15.8,26.7,21.1,358.4
4,Trevor Lawrence   JAC,QB,17,11.3,21.2,8.8,11.7,27.2,19.2,17.6,BYE,22.2,10.8,16.0,20.1,21.7,19.4,44.3,31.2,24.1,23.3,20.6,350.2
5,Dak Prescott   DAL,QB,17,7.8,23.1,14.0,31.0,28.3,22.3,23.3,8.6,16.4,BYE,24.3,28.1,21.6,20.4,12.0,19.2,22.7,0.7,19.0,323.8
6,Caleb Williams   CHI,QB,17,24.2,18.0,29.1,12.8,BYE,19.9,5.7,12.8,36.7,25.1,10.3,21.7,10.5,15.9,19.0,21.0,23.0,17.6,19.0,323.2
7,Jonathan Taylor   IND,RB,17,9.8,27.5,29.8,9.6,28.6,19.7,31.2,35.4,5.7,46.6,BYE,6.6,12.1,11.4,10.1,13.9,14.4,3.9,18.6,316.3
8,Bo Nix   DEN,QB,17,8.8,21.2,13.4,26.7,17.9,13.4,40.0,24.8,19.5,7.8,12.6,BYE,17.4,16.0,29.1,16.2,20.5,10.5,18.6,315.8
9,Christian McCaffrey   SF,RB,17,14.2,16.7,14.0,20.1,19.9,17.1,32.1,6.8,29.3,9.6,30.1,20.2,13.4,BYE,14.7,26.6,24.1,5.7,18.5,314.6
10,Jared Goff   DET,QB,17,11.9,34.0,12.7,13.7,20.1,16.8,11.3,BYE,19.4,24.8,13.1,18.2,20.6,16.2,25.5,26.5,4.1,16.2,17.9,305.1
10,Jalen Hurts   PHI,QB,16,24.3,11.5,29.0,19.4,19.5,21.6,24.0,25.4,BYE,12.0,14.5,30.9,17.3,4.4,22.9,19.4,8.9,,19.1,305.1
12,Justin Herbert   LAC,QB,16,27.9,18.8,15.6,14.5,15.6,18.8,29.9,26.3,28.7,14.7,4.3,BYE,13.8,13.2,11.4,30.2,16.1,,18.7,299.9
13,Patrick Mahomes II   KC,QB,14,26.0,23.1,13.2,27.3,27.7,31.5,26.2,25.0,11.5,BYE,14.3,18.1,29.4,8.3,14.1,,,,21.1,295.7
14,Bijan Robinson   ATL,RB,17,18.4,16.8,11.1,24.1,BYE,29.8,15.2,2.8,9.6,8.8,26.3,12.7,25.3,7.4,21.5,22.8,34.9,4.3,17.2,291.8
15,Jahmyr Gibbs   DET,RB,17,5.0,16.4,21.9,15.7,14.7,6.5,33.8,BYE,2.8,35.2,14.6,44.4,8.6,30.0,5.8,12.8,4.4,17.3,17.1,289.9
16,Baker Mayfield   TB,QB,17,22.6,19.9,17.7,19.9,26.7,19.6,12.1,4.1,BYE,22.9,17.8,5.5,14.5,12.1,20.2,13.7,19.4,14.2,16.6,282.9
17,James Cook III   BUF,RB,17,16.2,25.5,17.8,19.5,4.9,8.7,BYE,33.6,12.5,5.7,17.4,18.9,15.7,9.1,29.1,25.4,7.7,1.5,15.8,269.2
18,Derrick Henry   BAL,RB,17,28.2,2.3,9.7,5.8,9.3,13.0,BYE,19.1,12.1,8.4,18.2,20.8,16.4,10.2,10.0,22.8,45.6,12.6,15.6,264.5
19,De'Von Achane   MIA,RB,16,13.5,18.2,9.1,16.1,10.6,27.0,9.8,15.1,10.6,34.5,16.5,BYE,19.4,16.5,12.7,15.0,11.2,,16.0,255.8
20,Sam Darnold   SEA,QB,17,5.4,17.8,16.7,16.1,28.6,20.0,9.6,BYE,28.2,5.9,8.3,17.7,3.1,23.3,11.3,21.5,7.1,8.8,14.7,249.4
21,Jaxson Dart   NYG,QB,14,,-0.3,0.3,19.8,17.6,23.6,29.4,19.4,27.2,26.3,,,13.6,BYE,23.1,1.0,25.1,20.4,17.6,246.6
22,Puka Nacua   LAR,WR,16,13.1,19.6,11.8,23.0,14.5,2.8,,BYE,15.8,12.4,7.3,9.7,7.2,28.7,18.9,34.5,10.7,16.0,15.4,246.0
23,Jordan Love   GB,QB,15,15.9,20.9,12.1,26.3,BYE,16.0,13.4,28.3,10.0,7.8,17.7,7.1,25.8,20.3,15.9,3.8,,,16.1,241.1
24,Jaxon Smith-Njigba   SEA,WR,17,10.4,10.3,15.6,9.0,19.2,22.2,18.3,BYE,14.0,15.3,11.6,29.1,2.3,21.1,11.3,15.6,7.2,8.4,14.2,240.9
25,Jacoby Brissett   ARI,QB,14,,0.2,,,0.0,21.7,19.8,BYE,24.8,19.4,23.9,18.7,20.6,20.0,21.6,11.6,16.5,16.6,16.8,235.4
26,Daniel Jones   IND,QB,13,29.5,22.8,15.8,12.4,16.7,23.5,22.2,23.2,17.1,16.5,BYE,16.8,16.1,1.8,,,,,18.0,234.4
27,Aaron Rodgers   PIT,QB,16,25.7,12.4,12.7,12.8,BYE,17.5,24.6,16.8,12.1,8.4,9.4,,2.7,20.5,17.0,15.5,7.3,17.8,14.6,233.1
28,Bryce Young   CAR,QB,16,10.2,22.3,11.6,10.3,13.0,19.5,10.5,,4.0,2.6,31.8,10.3,22.5,BYE,15.4,17.6,9.9,17.5,14.3,229.0
29,Kyren Williams   LAR,RB,17,12.9,8.0,17.2,7.4,23.1,14.7,6.5,BYE,17.4,20.4,15.6,4.8,13.2,15.7,20.8,8.5,13.0,8.1,13.4,227.3
30,Lamar Jackson   BAL,QB,13,29.4,26.3,27.0,11.7,,,BYE,,25.6,16.6,6.7,7.2,7.5,22.1,15.6,4.7,,21.4,17.1,221.9
31,Travis Etienne Jr.   JAC,RB,17,15.6,14.9,11.6,18.5,5.8,5.5,5.5,BYE,11.5,13.7,19.3,17.6,4.1,20.2,28.5,12.6,9.2,3.8,12.8,217.9
32,C.J. Stroud   HOU,QB,14,9.7,15.0,12.4,18.4,28.8,BYE,14.7,22.7,4.4,,,,10.0,12.6,23.4,11.5,15.8,17.3,15.5,216.5
33,Chase Brown   CIN,RB,17,11.1,6.5,2.0,7.1,4.8,6.9,10.0,22.5,11.2,BYE,12.7,13.0,11.3,15.5,9.0,28.9,26.1,15.0,12.6,213.6
34,Javonte Williams   DAL,RB,16,18.4,19.0,7.2,16.0,25.9,3.4,17.8,16.9,6.3,BYE,9.3,10.1,14.0,12.7,15.1,4.3,11.4,,13.0,207.8
35,Amon-Ra St. Brown   DET,WR,17,4.5,30.2,13.7,19.0,10.0,4.7,14.6,BYE,9.7,11.8,4.2,20.9,0.0,9.2,28.4,5.4,6.8,13.9,12.2,207.0
36,Jason Myers   SEA,K,17,8.0,9.0,17.0,14.0,5.0,10.0,10.0,BYE,9.0,15.0,15.0,13.0,19.0,14.0,24.0,2.0,10.0,8.0,11.9,202.0
37,Josh Jacobs   GB,RB,15,13.0,14.4,7.4,27.7,BYE,27.0,17.8,10.5,16.0,14.7,4.0,,9.1,15.2,21.2,2.8,0.3,,13.4,201.1
38,George Pickens   DAL,WR,17,3.0,12.8,12.8,25.4,11.7,22.8,8.2,7.8,7.9,BYE,20.4,20.6,10.8,3.7,3.3,19.0,7.8,0.9,11.7,198.9
39,Saquon Barkley   PHI,RB,16,14.4,15.4,5.5,13.4,14.8,6.7,4.2,29.4,BYE,10.1,9.0,5.4,5.6,18.2,15.2,21.2,6.8,,12.2,195.3
40,D'Andre Swift   CHI,RB,16,6.5,10.9,7.8,12.0,BYE,23.5,19.8,13.1,,9.8,9.0,0.9,19.8,8.2,21.6,7.0,19.9,4.8,12.2,194.6
41,Ka'imi Fairbairn   HOU,K,15,14.0,9.0,4.0,10.0,18.0,BYE,8.0,14.0,18.0,,,12.0,9.0,8.0,18.0,16.0,10.0,26.0,12.9,194.0
42,Cam Ward   TEN,QB,17,2.5,9.8,13.0,5.5,9.0,7.9,11.2,13.8,6.4,BYE,13.1,23.9,6.3,12.1,15.0,18.0,17.0,9.2,11.4,193.7
43,Geno Smith   LV,QB,15,18.5,6.2,26.1,12.8,7.9,9.7,2.8,BYE,27.3,5.4,13.9,14.2,13.0,9.0,,15.0,9.1,,12.7,190.9
44,Ashton Jeanty   LV,RB,17,10.0,4.4,6.3,31.5,10.9,14.6,3.4,BYE,14.9,12.3,3.4,16.8,6.1,3.8,4.2,30.8,7.3,9.4,11.2,190.1
45,Trey McBride   ARI,TE,17,6.1,7.8,10.3,5.2,4.1,13.2,19.4,BYE,11.5,18.7,17.5,7.9,14.2,5.8,25.4,2.7,13.6,6.5,11.2,189.9
46,Ja'Marr Chase   CIN,WR,16,2.6,22.5,3.9,2.3,23.0,15.1,22.1,9.1,11.1,BYE,3.0,,11.0,5.2,13.2,10.9,18.0,15.6,11.8,188.6
47,Brandon Aubrey   DAL,K,17,11.0,22.0,8.0,8.0,7.0,9.0,17.0,6.0,5.0,BYE,9.0,7.0,12.0,23.0,16.6,5.0,17.0,5.0,11.0,187.6
48,Brock Purdy   SF,QB,9,18.8,,,19.7,,,,,,,19.3,10.3,17.1,BYE,26.2,31.9,37.9,6.2,20.8,187.4
49,Seattle Seahawks   SEA,DST,17,8.0,14.0,16.0,11.0,-3.0,11.0,9.0,BYE,9.0,21.0,2.0,4.0,30.0,19.0,4.0,2.0,10.0,12.0,10.5,179.0
50,Rico Dowdle   CAR,RB,17,1.6,1.9,9.8,3.0,29.4,29.9,9.6,5.4,26.1,12.3,10.0,7.4,7.9,BYE,11.4,4.3,6.3,1.0,10.4,177.3
51,Jaylen Warren   PIT,RB,16,11.9,13.4,8.1,,BYE,6.3,15.8,7.3,14.9,9.1,6.7,12.8,10.4,12.2,4.8,27.1,6.4,9.9,11.1,177.1
52,Tua Tagovailoa   MIA,QB,14,7.3,19.6,13.8,15.7,22.7,9.6,1.6,24.2,9.5,12.8,6.8,BYE,5.7,9.1,17.2,,,,12.6,175.7
53,Breece Hall   NYJ,RB,16,14.5,3.8,5.2,11.1,13.5,5.9,5.2,30.9,BYE,18.5,6.4,9.9,13.6,4.3,3.7,6.3,18.9,,10.7,171.7
54,TreVeyon Henderson   NE,RB,17,5.1,4.0,4.7,10.6,2.7,3.6,0.5,5.5,8.7,27.0,27.3,8.1,8.6,BYE,28.1,1.2,8.2,17.3,10.1,171.2
55,Cameron Dicker   LAC,K,17,9.0,8.0,12.0,5.0,6.0,17.0,7.0,15.0,11.0,14.0,8.0,BYE,9.0,20.0,12.0,10.0,4.0,3.0,10.0,170.0
56,Chris Olave   NO,WR,16,5.4,5.4,5.7,7.0,5.9,9.8,21.8,6.0,5.7,16.4,BYE,7.0,10.7,3.0,14.5,26.8,17.9,,10.6,169.0
57,Houston Texans   HOU,DST,17,6.0,7.0,5.0,14.0,11.0,BYE,18.0,5.0,8.0,14.0,9.0,15.0,2.0,12.0,7.0,11.0,8.0,12.0,9.6,164.0
57,Cam Little   JAC,K,17,15.0,10.0,5.0,9.0,9.0,0.0,1.0,BYE,15.0,13.0,5.0,13.0,6.0,11.0,12.0,11.0,14.0,15.0,9.6,164.0
57,Tyler Shough   NO,QB,11,,,0.0,,,,,5.3,10.2,19.0,BYE,8.9,18.4,22.3,18.1,17.1,21.9,22.8,14.9,164.0
60,Davante Adams   LAR,WR,14,5.1,16.6,11.6,11.6,8.8,3.9,21.5,BYE,18.0,13.7,6.1,18.2,17.8,2.9,7.1,,,,11.6,162.9
61,Zach Charbonnet   SEA,RB,16,10.7,1.0,,10.4,10.8,3.7,17.5,BYE,4.6,14.3,4.7,9.5,11.2,6.6,3.1,13.4,24.2,15.7,10.1,161.4
62,Kenneth Walker III   SEA,RB,17,2.4,17.8,17.0,11.0,8.6,3.7,6.6,BYE,6.1,7.0,17.1,10.1,7.4,2.8,1.9,22.4,5.7,13.3,9.5,160.9
63,RJ Harvey   DEN,RB,17,6.9,2.4,1.6,15.8,3.0,2.5,6.2,23.1,11.6,1.8,5.0,BYE,18.2,16.0,10.5,18.1,13.6,3.3,9.4,159.6
64,Will Reichard   MIN,K,17,9.0,8.0,14.0,8.0,3.0,BYE,18.0,6.0,11.0,9.0,5.0,10.0,0.0,8.0,12.0,11.0,16.0,11.0,9.4,159.0
65,Zay Flowers   BAL,WR,17,21.1,7.9,1.3,7.4,7.2,2.6,BYE,7.1,6.4,8.1,8.3,6.9,-1.4,12.6,12.8,14.2,9.0,25.8,9.3,157.3
66,Joe Flacco   CIN,QB,13,14.2,9.8,4.7,3.3,,18.8,26.0,24.3,32.7,BYE,10.9,10.6,,,,0.2,1.2,0.2,12.1,156.7
67,Chase McLaughlin   TB,K,17,6.0,2.0,21.0,16.0,12.0,7.0,5.0,17.0,BYE,5.0,8.0,1.0,10.0,9.0,11.0,10.0,5.0,11.0,9.2,156.0
68,Nico Collins   HOU,WR,15,2.5,11.2,14.4,7.9,12.0,BYE,2.7,,7.5,15.6,15.2,5.5,16.5,12.1,20.5,5.9,5.7,,10.3,155.2
69,Jameson Williams   DET,WR,17,2.6,16.8,4.3,3.7,1.0,12.6,0.0,BYE,12.6,17.9,15.7,0.0,19.9,10.3,19.4,7.0,3.7,7.4,9.1,154.9
70,Tony Pollard   TEN,RB,17,6.9,9.2,11.9,7.6,11.8,4.7,6.1,5.3,6.8,BYE,2.6,4.1,4.3,28.1,17.2,10.2,9.5,6.5,9.0,152.8
71,Tee Higgins   CIN,WR,15,3.3,11.6,1.5,3.2,8.2,6.2,15.6,10.4,26.1,BYE,12.3,3.1,,21.2,,11.3,5.9,12.7,10.2,152.6
72,Jake Bates   DET,K,17,7.0,10.0,9.0,13.0,5.0,5.0,8.0,BYE,7.0,13.0,5.0,12.0,6.0,16.0,11.0,6.0,5.0,14.0,8.9,152.0
73,Chris Boswell   PIT,K,17,14.0,12.0,3.0,6.0,BYE,15.0,8.0,20.0,10.0,6.0,10.0,4.0,1.0,9.0,4.0,11.0,8.0,10.0,8.9,151.0
74,Harrison Butker   KC,K,17,11.0,7.0,13.0,13.0,4.0,6.0,7.0,4.0,8.0,BYE,7.0,16.0,4.0,4.0,8.0,12.0,10.0,15.0,8.8,149.0
74,Andy Borregales   NE,K,17,8.0,9.0,2.0,6.0,13.0,5.0,7.0,13.0,6.0,4.0,10.0,18.0,15.0,BYE,7.0,10.0,6.0,10.0,8.8,149.0
76,Kenny Gainwell   PIT,RB,17,2.3,3.6,8.6,25.4,BYE,3.6,1.5,1.5,3.4,0.4,22.5,12.2,4.5,10.2,12.6,18.8,3.8,13.4,8.7,148.3
77,Rhamondre Stevenson   NE,RB,14,2.7,16.2,1.6,4.1,12.7,1.8,14.8,4.9,,,,1.0,8.0,BYE,7.7,15.8,22.2,33.3,10.5,146.8
78,Courtland Sutton   DEN,WR,17,12.1,0.6,17.8,14.1,9.9,1.7,10.7,6.7,9.0,2.4,5.9,BYE,12.2,6.2,17.3,14.6,4.0,0.5,8.6,145.7
79,Jacksonville Jaguars   JAC,DST,17,11.0,8.0,12.0,15.0,7.0,2.0,-4.0,BYE,3.0,11.0,12.0,7.0,14.0,10.0,10.0,6.0,7.0,13.0,8.5,144.0
79,Tyler Loop   BAL,K,17,13.0,12.0,7.0,9.0,4.0,3.0,BYE,13.0,4.0,14.0,12.0,11.0,2.0,10.0,6.0,6.0,11.0,7.0,8.5,144.0
81,Quinshon Judkins   CLE,RB,14,,7.1,15.5,17.5,12.8,3.6,26.4,1.7,BYE,8.5,5.9,16.7,12.9,8.4,1.7,5.1,,,10.3,143.8
82,Justin Fields   NYJ,QB,9,29.5,4.0,,27.1,25.9,4.9,4.0,20.9,BYE,8.0,19.3,,,,,,,,16.0,143.7
83,Denver Broncos   DEN,DST,17,14.0,0.0,9.0,10.0,7.0,13.0,5.0,6.0,5.0,14.0,8.0,BYE,4.0,11.0,7.0,4.0,5.0,21.0,8.4,143.0
84,David Montgomery   DET,RB,17,4.3,12.1,28.4,1.2,17.2,6.1,3.9,BYE,9.0,9.1,3.7,3.7,10.8,13.3,9.2,1.4,4.0,5.5,8.4,142.9
85,Michael Wilson   ARI,WR,17,0.5,7.1,0.5,1.5,1.6,4.4,4.0,BYE,6.1,3.4,18.5,11.8,3.6,26.2,11.4,11.2,14.9,15.9,8.4,142.6
86,A.J. Brown   PHI,WR,15,0.8,2.7,16.9,0.7,4.3,8.0,24.1,,BYE,1.3,4.9,17.0,25.2,10.0,10.1,9.5,6.8,,9.5,142.3
87,Tetairoa McMillan   CAR,WR,17,6.8,10.0,4.8,6.2,7.3,14.9,3.3,9.9,4.6,6.0,25.0,9.5,10.3,BYE,2.5,13.3,0.5,6.5,8.3,141.4
88,Eddy Pineiro   SF,K,14,,10.0,12.0,7.0,17.0,18.0,11.0,1.0,12.0,2.0,14.0,,,BYE,14.0,12.0,6.0,4.0,10.0,140.0
89,Joe Burrow   CIN,QB,8,8.8,7.0,,,,,,,,BYE,,,19.2,25.4,7.5,29.0,20.4,22.1,17.4,139.5
90,J.J. McCarthy   MIN,QB,10,23.2,4.8,,,,BYE,,,19.9,16.7,8.0,2.5,,20.4,24.5,9.3,,8.0,13.7,137.4
91,Alec Pierce   IND,WR,15,3.6,6.8,6.7,,,4.8,9.8,6.9,11.5,14.4,BYE,2.6,13.8,8.0,1.6,20.6,0.0,25.2,9.1,136.3
92,Mac Jones   SF,QB,11,,21.8,14.3,,22.2,13.2,6.2,19.0,15.8,24.1,-0.3,,0.2,BYE,,-0.3,,,12.4,136.0
92,Los Angeles Rams   LAR,DST,17,11.0,8.0,6.0,7.0,1.0,17.0,11.0,BYE,9.0,6.0,9.0,18.0,2.0,6.0,0.0,6.0,8.0,11.0,8.0,136.0
92,Minnesota Vikings   MIN,DST,17,5.0,5.0,30.0,4.0,3.0,BYE,3.0,0.0,9.0,1.0,3.0,1.0,9.0,18.0,2.0,11.0,21.0,11.0,8.0,136.0
92,Evan McPherson   CIN,K,17,5.0,7.0,5.0,3.0,8.0,5.0,17.0,8.0,11.0,BYE,8.0,12.0,24.0,4.0,0.0,10.0,9.0,0.0,8.0,136.0
96,Philadelphia Eagles   PHI,DST,17,3.0,5.0,13.0,14.0,2.0,1.0,12.0,6.0,BYE,11.0,8.0,5.0,4.0,13.0,16.0,5.0,13.0,4.0,7.9,135.0
96,Joey Slye   TEN,K,16,15.0,17.0,11.0,0.0,13.0,,10.0,2.0,9.0,BYE,10.0,6.0,3.0,8.0,6.0,6.0,18.0,1.0,8.4,135.0
98,Wil Lutz   DEN,K,17,8.0,4.0,9.0,4.0,9.0,9.0,5.0,9.0,4.0,4.0,18.0,BYE,9.0,6.0,4.0,10.0,8.0,14.0,7.9,134.0
99,Drake London   ATL,WR,12,5.5,2.9,5.5,17.0,BYE,21.8,4.2,,29.8,18.4,11.9,,,,,2.7,0.4,13.8,11.2,133.9
100,Cleveland Browns   CLE,DST,17,4.0,-1.0,13.0,1.0,7.0,0.0,25.0,9.0,BYE,5.0,17.0,16.0,1.0,2.0,2.0,2.0,9.0,21.0,7.8,133.0
101,Emeka Egbuka   TB,WR,17,19.6,8.9,8.5,16.1,24.3,2.4,5.8,3.5,BYE,17.5,4.0,3.2,4.2,1.5,6.4,4.0,2.0,0.8,7.8,132.7
102,Marcus Mariota   WAS,QB,12,0.0,,20.3,17.2,,,4.9,13.3,0.0,18.7,16.4,BYE,24.3,-1.1,14.7,3.7,,,11.0,132.5
103,Cairo Santos   CHI,K,15,7.0,3.0,7.0,19.0,BYE,,,11.0,11.0,6.0,16.0,8.0,6.0,8.0,8.0,14.0,8.0,0.0,8.8,132.0
103,Riley Patterson   MIA,K,17,0.0,11.0,3.0,10.0,7.0,10.0,6.0,10.0,8.0,7.0,11.0,BYE,14.0,13.0,5.0,3.0,8.0,6.0,7.8,132.0
105,Jacory Croskey-Merritt   WAS,RB,17,14.2,1.7,9.1,5.7,25.0,4.8,3.2,2.5,4.1,3.0,3.3,BYE,2.0,3.2,15.6,8.5,22.5,2.9,7.7,131.3
106,Jaylen Waddle   MIA,WR,16,3.0,12.8,9.9,4.8,17.0,9.8,1.5,15.9,8.2,14.4,5.2,BYE,4.0,13.1,2.6,7.2,0.7,,8.1,130.1
107,Pittsburgh Steelers   PIT,DST,17,2.0,5.0,16.0,10.0,BYE,10.0,1.0,-4.0,18.0,5.0,21.0,10.0,5.0,4.0,7.0,5.0,10.0,5.0,7.6,130.0
107,Chad Ryland   ARI,K,17,11.0,10.0,7.0,10.0,3.0,11.0,12.0,BYE,10.0,2.0,4.0,6.0,7.0,5.0,2.0,17.0,2.0,11.0,7.6,130.0
109,Blake Grupe   IND,K,16,7.0,3.0,7.0,9.0,16.0,16.0,2.0,4.0,4.0,5.0,BYE,4.0,,7.0,15.0,11.0,5.0,14.0,8.1,129.0
110,Kyle Monangai   CHI,RB,17,1.1,3.6,2.0,1.8,BYE,4.4,15.4,2.4,19.8,8.8,9.7,10.8,19.0,7.7,3.3,9.3,4.7,4.9,7.6,128.7
111,DK Metcalf   PIT,WR,15,8.3,8.0,9.2,18.6,BYE,15.5,5.0,11.5,0.6,3.5,4.9,9.4,3.2,14.8,11.5,4.2,,,8.5,128.2
112,Kareem Hunt   KC,RB,17,2.6,3.4,10.4,4.7,17.7,3.4,1.8,16.2,11.5,BYE,12.2,17.0,8.0,9.0,2.0,0.2,3.8,3.5,7.5,127.4
113,Woody Marks   HOU,RB,16,0.3,5.1,3.6,23.9,2.4,BYE,9.5,11.1,2.7,14.1,5.1,6.9,6.7,13.6,9.8,,7.5,4.8,7.9,127.1
114,New England Patriots   NE,DST,17,7.0,13.0,2.0,11.0,8.0,5.0,19.0,11.0,1.0,2.0,5.0,10.0,11.0,BYE,-2.0,5.0,7.0,12.0,7.5,127.0
114,Nick Folk   NYJ,K,16,10.0,6.0,10.0,11.0,7.0,12.0,7.0,12.0,BYE,9.0,2.0,5.0,11.0,4.0,11.0,6.0,4.0,,7.9,127.0
116,Parker Washington   JAC,WR,16,0.0,7.6,3.4,5.9,7.6,2.9,6.2,BYE,9.0,14.9,2.0,13.1,2.6,,5.3,20.5,11.0,14.7,7.9,126.7
117,Wan'Dale Robinson   NYG,WR,16,5.5,20.2,2.6,1.4,3.2,14.4,9.5,4.8,4.6,6.2,3.6,21.6,3.4,BYE,11.4,2.2,11.3,,7.9,125.9
117,CeeDee Lamb   DAL,WR,14,11.0,11.2,0.0,,,,17.0,7.6,8.5,BYE,12.6,7.5,17.2,12.1,11.1,5.1,4.6,0.4,9.0,125.9
119,Stefon Diggs   NE,WR,17,5.7,3.2,2.3,10.1,14.6,2.8,6.9,7.4,9.8,10.6,10.5,2.0,2.6,BYE,2.6,13.8,16.1,4.3,7.4,125.3
120,Dallas Goedert   PHI,TE,15,4.4,,9.3,15.7,7.9,17.0,1.8,14.8,BYE,4.3,2.4,2.0,2.7,7.8,19.0,9.2,6.8,,8.3,125.1
121,DeVonta Smith   PHI,WR,17,1.6,5.3,12.0,2.9,11.4,4.9,24.3,8.4,BYE,12.9,0.8,8.9,4.8,3.7,5.0,10.2,2.5,5.2,7.3,124.8
121,Tyrone Tracy Jr.   NYG,RB,15,3.5,5.1,3.6,,,0.6,10.6,5.3,3.7,7.1,13.9,13.0,3.3,BYE,21.7,7.8,5.7,19.9,8.3,124.8
123,Michael Penix Jr.   ATL,QB,9,24.0,5.3,5.8,19.7,BYE,14.6,12.2,,22.7,11.0,7.9,,,,,,,,13.7,123.3
124,Kyle Pitts Sr.   ATL,TE,17,5.9,3.7,3.9,13.0,BYE,1.8,6.2,5.9,3.8,3.8,1.4,2.5,8.2,9.0,34.6,11.7,1.6,5.8,7.2,122.8
125,Michael Pittman Jr.   IND,WR,17,14.0,4.0,13.3,10.1,9.9,2.0,13.8,15.5,11.5,1.9,BYE,8.7,1.3,7.9,2.6,3.2,1.6,1.1,7.2,122.4
126,Atlanta Falcons   ATL,DST,17,1.0,21.0,3.0,4.0,BYE,9.0,4.0,0.0,10.0,10.0,4.0,16.0,2.0,0.0,6.0,5.0,16.0,11.0,7.2,122.0
127,Quentin Johnston   LAC,WR,14,19.9,12.9,8.9,15.8,2.9,,9.0,0.0,11.3,4.2,0.0,BYE,8.3,0.8,,16.4,9.8,,8.6,120.2
127,DJ Moore   CHI,WR,17,5.6,4.6,8.8,3.8,BYE,5.2,5.2,7.6,19.0,0.0,2.1,18.4,2.7,-0.4,18.9,16.9,0.7,1.1,7.1,120.2
129,Hunter Henry   NE,TE,17,6.6,0.9,21.0,9.9,4.6,2.7,3.3,6.7,5.1,0.9,4.5,17.5,7.3,BYE,1.8,9.5,10.9,5.6,7.0,118.8
130,Jauan Jennings   SF,WR,15,1.6,14.9,,4.4,,0.7,3.1,4.5,10.1,11.1,5.4,10.1,9.9,BYE,15.7,13.1,10.2,3.5,7.9,118.3
131,New Orleans Saints   NO,DST,17,8.0,5.0,-2.0,4.0,18.0,1.0,3.0,6.0,1.0,12.0,BYE,11.0,6.0,3.0,4.0,19.0,12.0,7.0,6.9,118.0
132,Justin Jefferson   MIN,WR,17,10.8,8.1,7.5,12.6,12.3,BYE,7.9,7.4,10.7,3.7,6.1,4.8,0.4,1.1,2.2,8.5,3.0,10.4,6.9,117.5
133,Jayden Daniels   WAS,QB,7,20.1,19.7,,,17.1,22.6,17.7,,16.2,,,BYE,,3.7,,,,,16.8,117.3
134,Travis Kelce   KC,TE,17,10.7,6.1,2.6,4.8,12.1,7.8,5.4,15.9,8.6,BYE,15.1,4.4,10.5,0.8,7.0,0.6,3.6,1.2,6.9,117.2
135,Deebo Samuel Sr.   WAS,WR,16,15.6,10.4,2.9,14.1,15.6,1.4,,1.2,4.4,8.9,13.7,BYE,6.1,2.7,4.3,3.5,9.3,2.1,7.3,116.2
136,Jake Elliott   PHI,K,17,8.0,12.0,3.0,7.0,5.0,6.0,4.0,9.0,BYE,4.0,11.0,3.0,4.0,17.0,7.0,3.0,8.0,5.0,6.8,116.0
137,Chicago Bears   CHI,DST,17,11.0,-4.0,11.0,10.0,BYE,9.0,13.0,1.0,5.0,7.0,5.0,6.0,5.0,2.0,18.0,5.0,5.0,6.0,6.8,115.0
138,Jordan Mason   MIN,RB,16,7.5,3.8,23.6,7.2,9.6,BYE,11.7,0.6,3.7,3.1,10.5,4.2,4.8,11.2,2.9,1.1,,9.4,7.2,114.9
138,Ladd McConkey   LAC,WR,16,7.4,4.8,4.1,1.1,9.9,16.0,6.7,14.8,5.6,16.7,1.3,BYE,9.9,1.2,2.0,10.3,3.1,,7.2,114.9
140,Harold Fannin Jr.   CLE,TE,16,6.6,4.8,2.5,2.5,7.3,8.1,3.6,12.4,BYE,4.4,2.6,4.4,8.3,17.4,5.0,15.5,9.0,,7.2,114.4
141,Blake Corum   LAR,RB,17,1.6,10.4,5.3,1.6,1.3,2.3,4.3,BYE,5.8,5.6,0.5,2.4,14.1,25.1,13.1,12.1,1.8,6.9,6.7,114.2
142,Brandon McManus   GB,K,14,9.0,11.0,4.0,12.0,BYE,,,9.0,8.0,1.0,,12.0,8.0,4.0,16.0,10.0,6.0,3.0,8.1,113.0
143,Tyler Warren   IND,TE,17,7.9,7.9,3.8,13.3,10.4,12.3,12.9,5.3,2.6,9.9,BYE,4.5,8.2,1.7,1.9,3.0,4.3,2.6,6.6,112.5
144,Brock Bowers   LV,TE,12,10.3,3.8,5.8,4.6,,,,BYE,31.3,2.7,7.2,5.5,18.3,10.6,2.8,9.3,,,9.4,112.2
145,Troy Franklin   DEN,WR,17,4.4,16.0,0.8,5.5,5.5,0.1,9.9,20.9,4.3,10.0,8.4,BYE,2.1,1.1,14.8,6.6,1.7,0.0,6.6,112.1
146,Andre Szmyt   CLE,K,17,5.0,5.0,9.0,4.0,5.0,11.0,7.0,1.0,BYE,9.0,11.0,8.0,0.0,5.0,5.0,9.0,9.0,9.0,6.6,112.0
147,Los Angeles Chargers   LAC,DST,17,2.0,13.0,3.0,6.0,3.0,8.0,-3.0,11.0,5.0,15.0,-2.0,BYE,8.0,12.0,13.0,4.0,5.0,8.0,6.5,111.0
147,Ryan Fitzgerald   CAR,K,17,5.0,4.0,15.0,1.0,10.0,14.0,7.0,4.0,5.0,1.0,10.0,3.0,7.0,BYE,6.0,13.0,4.0,2.0,6.5,111.0
149,Romeo Doubs   GB,WR,16,6.8,8.8,2.5,23.8,BYE,5.5,7.2,6.4,9.1,0.5,5.3,2.3,8.0,0.0,3.6,14.4,6.2,,6.9,110.4
150,Buffalo Bills   BUF,DST,17,0.0,10.0,2.0,6.0,6.0,4.0,BYE,17.0,5.0,3.0,4.0,6.0,15.0,10.0,4.0,8.0,5.0,5.0,6.5,110.0
151,Tyler Allgeier   ATL,RB,17,2.4,14.0,0.4,11.1,BYE,9.8,1.6,7.4,0.6,17.7,7.6,4.9,11.5,6.7,1.8,7.3,2.3,1.9,6.4,109.0
152,Kirk Cousins   ATL,QB,10,,,1.2,,BYE,,,7.1,,,2.1,15.5,13.4,4.5,26.9,18.6,9.1,10.2,10.9,108.5
152,Bucky Irving   TB,RB,10,10.5,12.1,9.9,20.5,,,,,BYE,,,,14.1,14.1,7.1,7.1,3.3,9.8,10.8,108.5
154,Matt Prater   BUF,K,15,12.0,14.0,8.0,7.0,9.0,2.0,BYE,12.0,4.0,1.0,8.0,8.0,8.0,7.0,5.0,,,3.0,7.2,108.0
155,Colston Loveland   CHI,TE,16,1.2,0.0,3.1,,BYE,1.1,2.4,3.8,23.8,5.5,4.0,10.9,2.8,8.9,6.1,3.0,15.4,15.1,6.7,107.1
156,Jake Ferguson   DAL,TE,17,2.3,7.8,8.2,10.0,16.9,9.3,14.9,0.0,3.0,BYE,7.6,6.1,3.6,5.8,1.6,1.9,6.6,0.5,6.2,106.1
157,J.K. Dobbins   DEN,RB,10,12.8,14.5,14.3,10.5,14.4,4.0,8.0,12.1,5.9,8.4,,BYE,,,,,,,10.5,104.9
158,Tre Tucker   LV,WR,17,11.4,1.9,32.9,2.2,7.1,7.0,3.3,BYE,3.8,3.5,10.7,2.8,2.0,2.4,0.0,5.4,4.9,3.4,6.2,104.7
159,George Kittle   SF,TE,11,8.5,,,,,,0.0,10.3,2.9,14.4,18.7,7.8,6.7,BYE,14.8,17.5,,2.9,9.5,104.5
160,Cam Skattebo   NYG,RB,8,0.9,11.9,18.1,11.0,8.4,29.0,15.4,9.0,,,,,,BYE,,,,,13.0,103.7
160,Omarion Hampton   LAC,RB,9,6.1,2.5,18.9,22.5,7.0,,,,,,,BYE,,12.7,6.5,15.5,12.0,,11.5,103.7
162,Spencer Rattler   NO,QB,9,11.5,21.7,12.7,13.9,15.1,11.1,13.5,3.6,,,BYE,,,,0.0,,,,11.5,103.1
163,Carolina Panthers   CAR,DST,17,2.0,3.0,22.0,-3.0,3.0,0.0,17.0,-2.0,9.0,5.0,2.0,7.0,13.0,BYE,6.0,5.0,7.0,7.0,6.1,103.0
163,Rachaad White   TB,RB,17,1.6,12.6,1.4,4.6,19.1,14.6,4.4,6.1,BYE,5.4,6.2,4.2,2.9,5.5,2.6,6.0,1.7,4.1,6.1,103.0
163,Daniel Carlson   LV,K,17,11.0,12.0,4.0,6.0,6.0,10.0,0.0,BYE,5.0,1.0,11.0,5.0,2.0,6.0,0.0,3.0,5.0,16.0,6.1,103.0
166,Juwan Johnson   NO,TE,17,7.6,10.9,5.1,2.8,1.7,-0.5,7.9,5.3,9.1,15.2,BYE,4.6,3.9,3.8,3.0,8.9,9.5,4.1,6.1,102.9
167,Rome Odunze   CHI,WR,12,9.7,24.8,12.2,12.9,BYE,3.2,3.1,11.4,0.0,14.6,4.1,5.3,0.8,,,,,,8.5,102.1
168,Kimani Vidal   LAC,RB,13,,,,0.0,1.9,19.8,3.5,18.7,3.0,16.8,1.2,BYE,19.7,10.4,4.8,1.1,,1.0,7.8,101.9
169,Keenan Allen   LAC,WR,17,12.8,12.1,12.5,3.7,5.8,2.7,17.9,4.4,4.1,1.9,5.3,BYE,3.0,2.2,3.6,4.4,1.7,3.6,6.0,101.7
170,Jakobi Meyers   JAC,WR,16,9.7,6.8,6.3,3.0,3.2,3.9,,BYE,2.3,4.1,6.4,11.0,15.3,10.8,7.1,4.6,1.9,4.4,6.3,100.8
171,Indianapolis Colts   IND,DST,17,13.0,1.0,15.0,5.0,17.0,4.0,7.0,7.0,5.0,5.0,BYE,8.0,5.0,1.0,2.0,-1.0,6.0,-1.0,5.8,99.0
171,Tampa Bay Buccaneers   TB,DST,17,2.0,4.0,14.0,4.0,0.0,11.0,8.0,26.0,BYE,2.0,2.0,0.0,7.0,5.0,2.0,2.0,3.0,7.0,5.8,99.0
173,Rashid Shaheed   SEA,WR,18,3.3,11.2,4.2,5.2,17.4,2.8,4.0,5.5,6.8,2.3,2.9,0.5,1.6,12.7,7.1,9.1,0.8,0.2,5.4,97.6
174,Christian Watson   GB,WR,10,,,,,BYE,,,8.5,5.8,4.5,16.6,4.9,14.3,20.9,2.9,1.7,17.3,,9.7,97.4
175,Rashee Rice   KC,WR,8,,,,,,,16.2,16.5,14.6,BYE,3.8,16.1,21.4,3.4,5.1,,,,12.1,97.1
176,Baltimore Ravens   BAL,DST,17,-3.0,15.0,-4.0,-3.0,-2.0,5.0,BYE,4.0,15.0,8.0,9.0,11.0,2.0,0.0,23.0,7.0,6.0,4.0,5.7,97.0
176,Detroit Lions   DET,DST,17,0.0,8.0,8.0,19.0,10.0,2.0,12.0,BYE,7.0,2.0,2.0,3.0,-1.0,10.0,0.0,4.0,7.0,4.0,5.7,97.0
178,Zane Gonzalez   ATL,K,9,,,,,BYE,,,,,6.0,12.0,15.0,8.0,10.0,6.0,10.0,13.0,16.0,10.7,96.0
179,Dalton Schultz   HOU,TE,17,2.8,2.9,3.9,3.0,6.0,BYE,9.8,2.4,7.7,11.3,5.1,0.8,5.5,2.2,13.6,9.5,1.9,7.3,5.6,95.7
180,Chuba Hubbard   CAR,RB,15,14.9,13.7,7.6,6.9,,,5.5,9.4,1.7,1.5,2.8,4.3,18.4,BYE,3.8,3.4,-0.2,1.7,6.4,95.4
181,AJ Barner   SEA,TE,17,0.2,8.8,2.3,9.2,17.3,7.1,0.9,BYE,8.5,0.3,7.1,1.8,3.7,2.7,2.7,11.0,10.3,1.4,5.6,95.3
182,Miami Dolphins   MIA,DST,17,0.0,8.0,1.0,8.0,7.0,2.0,2.0,7.0,1.0,13.0,9.0,BYE,11.0,16.0,2.0,-2.0,12.0,-2.0,5.6,95.0
183,Shedeur Sanders   CLE,QB,8,,,,,,,,,BYE,,2.5,11.3,10.6,34.5,6.5,13.2,11.4,5.0,11.9,94.9
184,Khalil Shakir   BUF,WR,16,6.4,1.2,10.5,12.9,5.0,3.3,BYE,14.8,4.3,5.8,-0.3,9.0,0.5,7.6,6.5,3.4,3.5,,5.9,94.4
185,Jordan Addison   MIN,WR,14,,,,11.4,10.1,BYE,12.8,8.6,6.4,3.5,8.0,0.0,3.6,6.2,6.6,2.6,12.5,0.8,6.6,93.1
186,Kansas City Chiefs   KC,DST,17,3.0,3.0,12.0,8.0,7.0,2.0,13.0,10.0,2.0,BYE,2.0,1.0,1.0,4.0,7.0,2.0,4.0,11.0,5.4,92.0
187,Kayshon Boutte   NE,WR,14,10.3,7.6,2.8,1.8,4.3,21.3,11.5,13.5,0.0,,,1.5,9.5,BYE,3.0,1.6,,2.4,6.5,91.1
188,Matt Gay   SF,K,12,3.0,6.0,14.0,18.0,9.0,8.0,2.0,,2.0,5.0,7.0,9.0,8.0,BYE,,,,,7.6,91.0
189,Brian Thomas Jr.   JAC,WR,14,8.0,4.9,5.5,5.6,8.0,15.0,3.1,BYE,5.5,,,,2.8,8.7,13.1,1.8,3.9,4.9,6.5,90.8
189,Devin Singletary   NYG,RB,17,0.9,0.0,1.1,2.8,2.4,1.0,0.2,2.8,5.1,7.3,16.7,4.7,16.2,BYE,1.4,4.6,13.0,10.6,5.3,90.8
191,Aaron Jones Sr.   MIN,RB,12,12.7,2.3,,,,BYE,,3.0,9.8,12.9,8.1,5.7,0.5,7.6,6.5,9.3,12.3,,7.6,90.7
192,Chris Rodriguez Jr.   WAS,RB,13,,,3.9,5.9,0.7,0.0,7.2,0.2,12.5,7.6,8.5,BYE,10.1,5.2,,12.9,,14.3,6.8,89.0
193,Hollywood Brown   KC,WR,16,9.9,3.0,4.2,9.8,4.8,16.5,7.4,0.0,7.3,BYE,4.0,1.0,8.0,3.5,,2.2,0.7,6.4,5.5,88.7
194,Jayden Higgins   HOU,WR,17,3.2,2.8,0.5,8.4,3.2,BYE,0.0,9.4,0.4,10.2,5.5,9.8,6.5,3.4,0.4,1.7,14.8,8.3,5.2,88.5
195,Dalton Kincaid   BUF,TE,12,10.8,3.7,12.6,8.8,10.8,,BYE,2.3,16.1,3.7,,,,10.1,3.4,0.0,,4.8,7.3,87.1
196,Tennessee Titans   TEN,DST,17,10.0,4.0,-4.0,2.0,15.0,5.0,4.0,-1.0,20.0,BYE,5.0,6.0,3.0,7.0,0.0,10.0,3.0,-2.0,5.1,87.0
197,Marvin Harrison Jr.   ARI,WR,12,13.1,2.7,4.4,12.6,9.8,3.2,5.8,BYE,15.6,11.3,,,6.9,,,1.4,0.0,,7.2,86.8
197,Colby Parkinson   LAR,TE,15,-2.6,,0.0,1.7,0.0,,4.7,BYE,1.0,10.1,7.4,10.1,2.7,9.2,19.5,2.1,5.3,15.6,5.8,86.8
199,Tucker Kraft   GB,TE,8,7.9,18.4,2.9,5.6,BYE,10.3,11.8,26.3,2.0,,,,,,,,,,10.6,85.2
200,Sean Tucker   TB,RB,17,0.2,0.0,0.0,0.0,-0.1,8.5,0.6,10.2,BYE,5.1,32.0,4.6,0.0,8.9,6.7,6.3,0.8,-0.4,4.9,83.4
201,Mark Andrews   BAL,TE,17,0.5,0.4,21.1,3.0,2.2,2.6,BYE,3.4,14.6,7.4,12.7,1.1,4.7,0.9,1.8,2.4,2.8,1.4,4.9,83.0
202,Theo Johnson   NYG,TE,15,0.5,3.4,1.0,7.7,15.3,2.7,12.6,2.0,8.7,7.5,3.6,7.7,2.9,BYE,7.2,0.0,,,5.5,82.8
203,Oronde Gadsden II   LAC,TE,15,,,4.6,1.6,1.4,4.8,22.4,13.7,6.8,1.3,4.1,BYE,2.7,0.7,6.1,0.7,9.2,2.3,5.5,82.4
204,Harrison Mevis   LAR,K,9,,,,,,,,BYE,,6.0,3.0,13.0,4.0,9.0,12.0,14.0,6.0,15.0,9.1,82.0
205,Jake Moody   WAS,K,9,5.0,,,,,16.0,14.0,,,,,BYE,8.0,0.0,13.0,4.0,13.0,8.0,9.0,81.0
206,Luther Burden III   CHI,WR,15,-0.3,0.5,16.8,-0.4,BYE,5.1,2.1,-0.1,,5.1,2.7,6.1,3.6,7.0,8.4,,19.8,4.5,5.4,80.9
207,Kyler Murray   ARI,QB,5,18.3,15.0,14.1,18.1,15.3,,,BYE,,,,,,,,,,,16.2,80.8
208,Emanuel Wilson   GB,RB,17,0.4,0.0,2.5,8.1,BYE,0.7,1.5,8.7,1.7,0.4,12.9,24.5,1.4,1.0,0.3,8.2,2.4,4.8,4.7,79.5
209,Cincinnati Bengals   CIN,DST,17,7.0,5.0,-1.0,1.0,2.0,3.0,3.0,-4.0,6.0,BYE,1.0,10.0,12.0,4.0,7.0,6.0,5.0,12.0,4.6,79.0
209,Green Bay Packers   GB,DST,17,10.0,5.0,8.0,-3.0,BYE,2.0,8.0,5.0,4.0,6.0,7.0,18.0,3.0,3.0,1.0,0.0,-3.0,5.0,4.6,79.0
211,Bhayshul Tuten   JAC,RB,15,1.1,13.4,8.1,2.2,1.1,2.8,2.2,BYE,8.6,1.0,13.4,1.7,7.9,-1.5,8.3,,,8.3,5.2,78.6
212,Josh Downs   IND,WR,16,1.2,5.1,3.4,2.4,5.4,10.2,,9.9,9.7,0.3,BYE,1.0,4.4,2.3,7.3,6.8,3.4,5.6,4.9,78.4
213,Chimere Dike   TEN,WR,17,0.9,0.8,0.5,-0.4,1.7,0.8,12.9,9.4,6.5,BYE,1.4,16.4,-1.1,8.4,1.0,10.0,6.2,2.7,4.6,78.1
214,San Francisco 49ers   SF,DST,17,9.0,5.0,5.0,0.0,7.0,0.0,8.0,2.0,2.0,-3.0,6.0,9.0,11.0,BYE,0.0,12.0,-1.0,6.0,4.6,78.0
215,Arizona Cardinals   ARI,DST,17,5.0,13.0,6.0,5.0,7.0,2.0,1.0,BYE,15.0,6.0,-1.0,17.0,3.0,-4.0,-1.0,7.0,-1.0,-3.0,4.5,77.0
215,New York Giants   NYG,DST,17,3.0,1.0,2.0,7.0,1.0,8.0,1.0,0.0,3.0,0.0,2.0,4.0,2.0,BYE,5.0,15.0,18.0,5.0,4.5,77.0
217,Zach Ertz   WAS,TE,13,8.6,12.4,3.8,4.1,0.0,10.3,9.7,1.6,4.6,5.4,4.2,BYE,10.6,1.1,,,,,5.9,76.4
218,Ty Johnson   BUF,RB,17,2.4,0.6,2.1,0.0,1.0,1.6,BYE,0.6,8.0,2.6,13.0,5.2,2.5,3.9,2.8,7.6,4.8,17.6,4.5,76.3
219,Terry McLaurin   WAS,WR,10,2.7,4.8,7.4,,,,,11.4,,,,BYE,15.6,4.1,12.9,5.3,6.3,5.7,7.6,76.2
220,Washington Commanders   WAS,DST,17,9.0,2.0,11.0,2.0,13.0,5.0,-1.0,6.0,-2.0,-2.0,4.0,BYE,3.0,3.0,9.0,3.0,5.0,6.0,4.5,76.0
221,Elic Ayomanor   TEN,WR,16,1.3,11.6,9.8,4.4,1.8,2.7,2.9,5.2,4.6,BYE,1.1,,0.5,7.4,1.7,5.8,9.7,5.0,4.7,75.5
222,Carson Wentz   MIN,QB,5,,,15.3,23.2,14.7,BYE,13.3,8.8,,,,,,,,,,,15.1,75.3
222,Nick Chubb   HOU,RB,15,6.0,13.2,4.0,6.2,12.1,BYE,1.1,6.9,3.4,5.2,1.7,1.5,9.4,0.3,,4.2,0.1,,5.0,75.3
224,Las Vegas Raiders   LV,DST,17,10.0,5.0,-1.0,3.0,-4.0,16.0,0.0,BYE,2.0,10.0,2.0,5.0,4.0,3.0,0.0,1.0,1.0,18.0,4.4,75.0
225,Ryan Flournoy   DAL,WR,15,,0.0,2.1,2.6,12.4,3.3,0.0,0.7,7.2,BYE,6.2,0.0,3.4,17.5,4.0,7.8,,6.8,4.9,74.0
226,Pat Freiermuth   PIT,TE,17,2.8,3.1,0.6,0.0,BYE,1.1,23.1,1.3,8.7,3.3,1.9,7.9,0.0,0.9,4.5,2.0,6.3,5.1,4.3,72.6
227,Dillon Gabriel   CLE,QB,10,,4.8,,0.0,16.1,8.8,5.8,13.5,BYE,20.1,2.9,,0.0,,,0.0,,,7.2,72.1
228,Brenton Strange   JAC,TE,12,5.9,1.7,6.1,4.5,2.2,,,BYE,,,,9.3,10.5,2.7,2.6,9.9,5.4,11.2,6.0,72.0
229,Jalen Nailor   MIN,WR,17,2.8,3.1,3.7,8.2,4.2,BYE,3.7,0.0,1.6,18.4,1.6,0.0,0.0,3.0,16.5,0.0,0.0,4.9,4.2,71.7
230,Bam Knight   ARI,RB,12,,0.0,,0.0,8.4,11.4,6.4,BYE,4.7,3.3,10.5,9.2,13.8,3.4,-0.2,,,,5.9,70.9
231,Jerry Jeudy   CLE,WR,17,6.6,5.1,1.7,4.8,1.5,4.3,1.7,0.0,BYE,13.8,2.1,1.9,2.6,13.6,2.2,1.2,5.4,2.2,4.2,70.7
231,Malik Washington   MIA,WR,17,2.9,8.5,3.2,2.1,0.0,2.3,3.0,9.6,4.1,7.3,4.2,BYE,3.0,1.0,1.0,9.2,0.5,8.8,4.2,70.7
233,Cooper Kupp   SEA,WR,16,1.5,9.0,3.1,2.6,5.9,10.0,2.2,BYE,,7.4,2.3,2.4,2.4,9.5,4.6,3.9,0.6,2.9,4.4,70.3
234,Davis Mills   HOU,QB,6,,,,,1.2,BYE,,,6.2,28.7,16.4,14.5,,,,,,2.6,11.6,69.6
235,Isiah Pacheco   KC,RB,13,2.8,2.9,4.8,10.8,5.6,5.1,11.4,5.8,,BYE,,,3.3,3.0,2.1,7.5,3.2,,5.3,68.3
236,Chig Okonkwo   TEN,TE,17,1.9,3.5,6.6,0.4,4.8,4.6,0.0,5.3,1.0,BYE,5.6,4.0,2.9,2.0,3.3,10.4,11.5,0.2,4.0,68.0
237,Xavier Worthy   KC,WR,14,0.0,,,12.1,5.1,8.6,4.8,5.3,3.0,BYE,2.5,5.9,7.4,5.5,3.5,4.1,0.1,,4.9,67.9
238,Dawson Knox   BUF,TE,17,2.0,1.9,0.0,0.0,1.5,7.9,BYE,1.5,3.0,3.7,2.3,1.7,2.8,11.3,15.7,1.0,3.0,8.4,4.0,67.7
238,Alvin Kamara   NO,RB,11,11.7,10.0,5.6,7.2,5.5,7.6,2.9,4.5,-0.3,11.5,BYE,1.5,,,,,,,6.2,67.7
240,Mack Hollins   NE,WR,15,0.3,6.8,2.7,6.4,0.0,2.8,5.3,8.9,0.9,10.6,6.4,3.0,2.3,BYE,4.1,6.9,,,4.5,67.4
241,Sam LaPorta   DET,TE,9,7.9,2.6,3.3,3.9,15.2,11.5,1.5,BYE,15.7,5.3,,,,,,,,,7.4,66.9
242,Tyjae Spears   TEN,RB,13,,,,,1.4,5.0,4.0,14.2,6.2,BYE,3.4,2.5,2.4,4.7,3.6,16.5,0.1,2.7,5.1,66.7
243,Michael Carter   ARI,RB,13,,,,0.1,13.3,6.4,3.6,BYE,,0.4,2.8,5.8,6.4,3.1,9.4,6.5,4.3,3.9,5.1,66.0
244,DeMario Douglas   NE,WR,17,6.2,0.8,0.7,0.0,1.7,13.1,1.7,4.7,16.0,3.4,3.1,5.1,3.3,BYE,0.5,0.6,1.0,2.9,3.8,64.8
245,Darren Waller   MIA,TE,9,,,,14.7,13.8,7.2,0.0,,,,,BYE,4.7,1.7,18.6,4.0,0.0,,7.2,64.7
246,Tez Johnson   TB,WR,16,0.0,,0.0,1.3,6.1,10.5,11.8,4.3,BYE,16.2,0.6,9.3,0.5,0.0,0.0,-0.1,1.9,2.2,4.0,64.6
247,Tyrod Taylor   NYJ,QB,6,,8.3,17.7,,,,4.1,,BYE,,,13.8,21.3,-0.8,,,,,10.7,64.5
248,Keon Coleman   BUF,WR,13,17.2,2.6,2.0,4.5,6.3,1.1,BYE,3.0,1.7,10.6,,,6.9,1.6,0.0,,,6.9,5.0,64.4
249,Garrett Wilson   NYJ,WR,7,15.5,5.0,14.4,14.2,13.1,1.3,,,BYE,0.0,,,,,,,,,9.1,63.5
250,Cade Otton   TB,TE,16,0.0,2.5,0.0,0.9,8.1,5.1,6.5,4.0,BYE,8.2,2.8,2.1,0.9,1.9,,1.5,3.3,15.4,3.9,63.2
251,Xavier Hutchinson   HOU,WR,17,3.5,2.9,1.6,1.7,13.8,BYE,1.3,12.9,3.0,0.0,4.2,0.9,3.9,0.0,1.6,0.4,2.9,8.4,3.7,63.0
252,Michael Badgley   BUF,K,9,,,,,,8.0,6.0,9.0,12.0,8.0,,8.0,5.0,,,6.0,0.0,,6.9,62.0
253,Tyquan Thornton   KC,WR,14,4.1,11.9,13.1,7.1,9.0,0.0,3.9,0.0,0.0,BYE,6.1,0.0,0.0,1.9,4.7,,,,4.4,61.8
253,T.J. Hockenson   MIN,TE,15,1.5,1.2,10.9,3.9,3.8,BYE,4.3,2.6,7.1,0.8,3.9,1.9,5.9,7.2,6.6,0.2,,,4.1,61.8
253,Darius Slayton   NYG,WR,14,0.0,6.1,3.0,4.4,1.1,,,2.6,6.2,8.9,,2.3,12.1,BYE,5.3,0.8,3.6,5.4,4.4,61.8
256,Samaje Perine   CIN,RB,15,0.6,0.0,0.1,0.4,2.9,3.2,3.1,16.0,0.5,BYE,,,3.4,3.8,4.3,10.1,7.3,5.2,4.1,60.9
257,Charlie Smyth   NO,K,6,,,,,,,,,,,BYE,,5.0,6.0,10.0,20.0,14.0,5.0,10.0,60.0
258,Isaac TeSlaa   DET,WR,17,7.3,2.9,0.0,0.0,7.2,0.0,0.0,BYE,0.0,1.1,0.0,0.0,9.5,8.0,0.0,11.2,10.9,1.8,3.5,59.9
259,Jake Tonges   SF,TE,16,7.5,3.1,2.1,11.8,10.1,5.8,0.0,6.2,0.0,0.0,0.0,0.0,0.0,BYE,0.0,0.7,12.0,,3.7,59.3
260,Dallas Cowboys   DAL,DST,17,1.0,1.0,-1.0,1.0,7.0,2.0,15.0,-2.0,13.0,BYE,9.0,5.0,2.0,-1.0,1.0,-1.0,2.0,5.0,3.5,59.0
261,KaVontae Turpin   DAL,WR,15,2.7,11.3,6.8,3.4,,,1.7,-0.2,1.3,BYE,0.0,3.2,6.1,3.0,1.2,2.7,14.6,0.7,3.9,58.5
262,Joshua Karty   ARI,K,8,2.0,9.0,17.0,10.0,6.0,5.0,5.0,BYE,4.0,,,,,,,,,,7.3,58.0
263,Jalen Coker   CAR,WR,11,,,,,,,0.0,3.6,0.9,2.1,7.2,3.2,13.4,BYE,10.0,4.7,1.6,10.7,5.2,57.4
264,Spencer Shrader   IND,K,5,16.0,18.0,11.0,10.0,2.0,,,,,,BYE,,,,,,,,11.4,57.0
265,Andrei Iosivas   CIN,WR,17,0.0,1.2,0.0,2.7,8.2,0.5,4.9,0.0,13.0,BYE,2.0,6.6,8.9,1.7,0.0,2.1,4.1,1.0,3.3,56.9
266,Jake Browning   CIN,QB,5,,20.7,7.9,5.4,22.1,,,,,BYE,,0.6,,,,,,,11.3,56.7
267,Marvin Mims Jr.   DEN,WR,16,-0.8,8.4,0.4,14.5,1.9,2.8,9.8,1.8,0.0,,0.2,BYE,1.7,6.7,3.7,2.9,1.0,1.0,3.5,56.0
268,Calvin Austin III   PIT,WR,14,13.0,2.2,9.4,1.3,BYE,,,2.8,5.6,1.4,0.5,3.6,0.0,3.1,0.0,0.8,,11.5,3.9,55.2
269,Kendrick Bourne   SF,WR,16,,3.2,3.8,1.7,14.2,14.2,1.4,4.4,3.4,1.9,0.0,0.0,0.0,BYE,1.7,2.7,2.5,0.0,3.4,55.1
270,Adonai Mitchell   NYJ,WR,16,2.1,2.0,0.0,7.6,0.0,,0.8,0.0,0.7,,1.0,4.2,16.2,2.4,11.4,4.3,2.2,0.0,3.4,54.9
271,Mike Evans   TB,WR,8,5.1,5.6,9.3,,,,0.0,,BYE,,,,,,13.2,9.1,9.1,3.4,6.9,54.8
272,Dylan Sampson   CLE,RB,15,9.3,7.9,0.2,-0.2,0.2,2.4,1.7,2.9,BYE,-0.1,1.9,14.2,2.3,4.8,,,2.7,4.4,3.6,54.6
273,Brian Robinson Jr.   SF,RB,17,3.7,1.9,2.2,2.1,1.2,0.8,3.6,0.0,11.3,10.5,2.4,4.4,2.6,BYE,2.1,2.0,2.8,0.9,3.2,54.5
274,Xavier Legette   CAR,WR,15,1.0,-0.2,,,9.1,1.1,15.2,1.7,2.2,0.0,14.3,2.2,0.1,BYE,3.9,1.2,0.3,2.2,3.6,54.3
275,Ray Davis   BUF,RB,17,0.1,2.4,0.0,0.3,0.1,7.9,BYE,1.6,0.0,-0.2,0.0,6.0,6.2,0.0,1.3,3.4,1.6,23.4,3.2,54.1
276,David Njoku   CLE,TE,12,3.7,4.0,4.0,1.1,12.7,2.8,,9.7,BYE,8.1,0.7,0.0,0.4,6.1,,,,,4.4,53.3
277,Russell Wilson   NYG,QB,6,11.1,31.3,7.1,0.3,,0.0,,,,3.0,,,,BYE,,,,,8.8,52.8
277,Evan Engram   DEN,TE,16,2.1,1.2,,2.9,9.3,4.9,4.2,3.6,0.0,1.2,3.3,BYE,7.9,0.8,1.2,3.6,2.1,4.5,3.3,52.8
279,Ricky Pearsall   SF,WR,10,10.8,5.2,11.7,4.6,,,,,0.0,,0.0,0.8,1.4,BYE,9.6,,8.5,,5.3,52.6
280,Tory Horton   SEA,WR,8,0.0,9.2,15.2,1.0,9.9,0.0,0.0,BYE,16.8,,,,,,,,,,6.5,52.1
281,Malik Willis   GB,QB,4,,,,,BYE,,,,,,5.8,0.6,,,,13.2,31.5,,12.8,51.2
282,Tank Bigsby   PHI,RB,16,1.2,,0.0,0.0,0.0,0.0,1.0,10.4,BYE,0.7,3.4,0.8,0.0,0.4,5.7,9.7,0.9,16.6,3.2,50.8
283,Darnell Mooney   ATL,WR,15,,2.0,4.4,1.5,BYE,,6.8,1.1,1.5,1.7,3.4,13.4,2.5,0.6,3.5,2.4,3.5,2.0,3.4,50.3
284,Isaiah Davis   NYJ,RB,16,1.8,0.6,0.0,2.7,3.3,0.1,3.2,12.9,BYE,1.1,1.1,0.7,0.0,2.2,12.5,6.0,2.0,,3.1,50.2
285,Chris Godwin Jr.   TB,WR,9,,,,2.6,2.6,,,,BYE,,,0.9,7.8,5.5,10.0,3.0,16.8,0.8,5.6,50.0
286,Cole Kmet   CHI,TE,16,3.1,2.9,7.0,4.6,BYE,0.0,1.6,,1.0,0.5,4.5,0.3,9.6,4.2,2.8,1.4,1.6,3.6,3.0,48.7
287,Parker Romo   ATL,K,7,,18.0,0.0,10.0,BYE,6.0,4.0,5.0,5.0,,,,,,,,,,6.9,48.0
288,Jeremy McNichols   WAS,RB,17,2.5,0.0,13.8,0.3,1.8,3.5,4.5,6.8,0.0,2.9,2.9,BYE,3.0,0.2,0.2,3.2,1.0,1.1,2.8,47.7
288,Gunnar Helm   TEN,TE,16,1.6,0.9,2.7,1.2,3.4,1.5,3.6,8.3,1.5,BYE,2.9,5.1,2.3,0.8,10.9,0.9,0.1,,3.0,47.7
290,Jonnu Smith   PIT,TE,17,7.5,2.7,2.3,0.6,BYE,2.8,8.8,1.7,2.5,0.4,0.0,2.8,0.6,0.0,8.6,2.8,2.7,0.4,2.8,47.2
291,Ollie Gordon II   MIA,RB,17,0.3,1.3,9.8,1.0,-0.2,0.2,1.3,12.6,0.9,-0.3,10.5,BYE,1.0,7.7,0.0,-0.1,0.0,1.1,2.8,47.1
292,New York Jets   NYJ,DST,17,3.0,0.0,9.0,0.0,-3.0,9.0,6.0,-3.0,BYE,19.0,1.0,1.0,4.0,6.0,-2.0,4.0,-3.0,-4.0,2.8,47.0
293,Keaton Mitchell   BAL,RB,13,,,,,1.3,0.0,BYE,4.3,1.8,3.1,5.4,1.9,9.1,7.6,6.6,1.3,3.8,0.2,3.6,46.4
294,Tyler Higbee   LAR,TE,10,0.0,3.7,0.0,2.5,,10.0,1.9,BYE,7.3,3.3,2.3,,,,,,,15.1,4.6,46.1
294,Greg Dortch   ARI,WR,12,-0.2,1.1,0.8,3.9,1.2,6.9,0.5,BYE,0.9,6.2,12.6,10.8,1.4,,,,,,3.8,46.1
296,Dontayvion Wicks   GB,WR,14,3.0,4.4,2.1,1.9,BYE,1.5,0.5,,,3.8,0.9,3.2,22.0,0.0,0.6,1.2,0.7,,3.3,45.8
296,Olamide Zaccheaus   CHI,WR,16,4.2,2.1,3.6,4.1,BYE,2.8,0.9,3.3,11.8,0.5,0.0,0.6,1.9,6.7,0.0,3.3,,0.0,2.9,45.8
298,Emari Demercado   ARI,RB,13,0.0,0.0,0.0,8.1,6.1,0.1,,BYE,7.8,10.4,2.0,,,,0.1,3.0,2.0,5.7,3.5,45.3
299,DeAndre Hopkins   BAL,WR,17,9.5,12.4,1.3,0.0,4.6,2.0,BYE,1.4,0.0,1.6,1.1,1.3,2.5,0.0,3.2,4.1,0.0,0.0,2.6,45.0
300,Mason Taylor   NYJ,TE,13,2.0,0.5,1.8,6.5,8.7,0.2,3.1,9.4,BYE,0.4,3.0,2.1,2.1,5.1,,,,,3.5,44.9
301,Jameis Winston   NYG,QB,3,,,,,,,,,,,12.0,32.2,,BYE,0.0,,,,14.8,44.3
302,Justice Hill   BAL,RB,10,-1.1,2.5,4.5,23.7,1.2,4.4,BYE,0.2,1.5,7.3,,0.0,,,,,,,4.4,44.2
303,Pat Bryant   DEN,WR,15,0.0,1.8,0.0,0.0,0.0,2.2,0.6,10.0,2.0,4.3,8.2,BYE,4.2,3.2,,4.2,,3.1,2.9,43.8
304,Jaylen Wright   MIA,RB,11,,,,,,,0.0,2.8,0.0,1.7,0.4,BYE,1.6,16.7,1.1,11.3,5.6,2.0,3.9,43.2
305,Sterling Shepard   TB,WR,13,3.9,3.4,8.0,2.0,7.9,5.1,0.5,0.8,BYE,3.1,6.1,1.2,0.5,0.5,,,,,3.3,43.0
305,Devin Neal   NO,RB,9,0.9,,,,,,0.1,1.1,1.2,3.1,BYE,6.1,6.9,14.4,9.2,,,,4.8,43.0
307,Kalif Raymond   DET,WR,15,1.6,2.3,0.4,7.3,0.0,0.0,1.7,BYE,0.0,5.9,0.0,3.7,,,2.0,12.2,0.5,5.2,2.9,42.8
308,Mike Gesicki   CIN,TE,13,1.4,1.8,0.6,0.8,1.5,0.0,,,,BYE,,3.5,1.9,14.6,1.1,9.5,4.7,1.3,3.3,42.7
309,Darnell Washington   PIT,TE,16,0.0,2.0,0.0,2.0,BYE,6.2,6.2,0.0,4.3,1.5,6.7,2.2,4.5,1.2,2.5,1.6,1.5,,2.7,42.4
309,Jaylin Noel   HOU,WR,17,0.7,0.0,0.4,0.0,7.8,BYE,7.7,6.3,-0.3,3.5,1.2,0.9,0.0,1.3,0.0,0.0,11.6,1.3,2.5,42.4
311,Devaughn Vele   NO,WR,13,1.3,6.3,,0.0,1.3,0.0,0.0,1.0,0.0,1.5,BYE,3.7,15.3,4.0,6.9,,,,3.2,41.3
312,Tyler Lockett   LV,WR,17,0.0,0.9,3.7,0.0,6.6,0.0,1.8,BYE,0.0,4.4,3.3,6.2,1.1,4.1,1.0,0.6,6.9,0.5,2.4,41.1
312,Terrance Ferguson   LAR,TE,13,,0.0,,,2.1,0.0,9.1,BYE,5.4,3.2,0.0,0.0,0.0,0.0,0.6,9.3,11.4,,3.2,41.1
314,Van Jefferson   TEN,WR,16,0.0,1.0,0.8,0.6,0.0,7.5,4.1,0.6,2.1,BYE,8.2,1.1,2.0,1.7,4.3,2.4,4.6,,2.6,41.0
314,Matthew Golden   GB,WR,14,1.6,1.5,6.1,6.3,BYE,10.2,3.7,0.4,0.9,,2.4,,,0.0,5.5,0.4,1.2,0.8,2.9,41.0
316,Noah Fant   CIN,TE,15,8.6,2.8,0.6,,0.0,2.7,10.4,4.1,8.8,BYE,1.6,0.9,0.3,1.5,0.0,,0.0,-1.5,2.7,40.8
317,Daniel Bellinger   NYG,TE,16,1.4,0.0,0.6,1.3,5.2,0.0,14.8,2.1,,0.8,0.0,0.0,0.0,BYE,3.5,0.0,1.1,9.8,2.5,40.6
318,JuJu Smith-Schuster   KC,WR,17,5.5,0.5,5.5,9.6,1.7,5.7,3.5,2.9,0.2,BYE,0.0,0.8,0.0,0.5,0.0,1.2,1.6,1.3,2.4,40.5
319,Luke McCaffrey   WAS,WR,9,0.0,3.9,11.6,8.1,5.0,9.3,0.0,2.4,0.0,,,BYE,,,,,,,4.5,40.3
320,Tyler Huntley   BAL,QB,5,,,,,,6.6,BYE,16.7,,,,,,,-0.3,2.8,14.3,,8.0,40.1
321,Josh Oliver   MIN,TE,15,0.5,0.0,7.2,0.0,9.5,BYE,0.9,0.0,,,-0.3,0.4,0.0,14.4,1.8,1.9,0.8,2.9,2.7,40.0
322,Tre' Harris   LAC,WR,17,1.1,3.4,0.0,0.0,0.0,2.7,2.3,6.8,1.8,0.4,1.2,BYE,3.0,2.1,4.9,5.4,1.5,2.8,2.3,39.4
323,Kyle Williams   NE,WR,17,1.2,0.0,0.8,-0.2,0.0,0.0,0.0,0.0,0.0,13.2,0.0,1.8,9.3,BYE,0.0,10.6,2.0,0.5,2.3,39.2
324,Malik Nabers   NYG,WR,4,7.1,28.7,1.3,2.0,,,,,,,,,,BYE,,,,,9.8,39.1
325,Cedric Tillman   CLE,WR,13,11.2,8.2,2.6,0.6,,,,,BYE,1.1,5.2,0.5,0.0,2.3,0.0,0.8,4.2,2.3,3.0,39.0
325,Graham Gano   NYG,K,5,8.0,13.0,3.0,,,,,9.0,6.0,,,,,BYE,,,,,7.8,39.0
327,John Metchie III   NYJ,WR,16,0.0,0.0,0.8,1.0,0.0,0.0,,0.0,BYE,-0.4,10.5,12.5,1.7,3.4,2.9,0.4,4.1,2.0,2.4,38.9
328,Michael Mayer   LV,TE,13,3.8,0.9,0.0,,,11.0,1.0,BYE,2.6,2.2,1.3,1.4,,,0.0,1.0,8.9,4.7,3.0,38.8
328,Davis Allen   LAR,TE,17,7.3,6.8,0.3,0.0,2.4,0.7,0.4,BYE,3.7,6.8,0.0,2.9,0.4,2.1,1.6,3.4,0.0,0.0,2.3,38.8
330,Malik Davis   DAL,RB,10,,,,,,,0.0,0.3,0.3,BYE,2.0,2.4,10.7,0.6,9.7,2.3,10.3,,3.9,38.6
331,Brashard Smith   KC,RB,17,0.0,0.2,1.3,3.6,3.6,2.1,8.1,0.8,0.7,BYE,0.8,3.6,0.0,0.7,0.1,0.4,6.5,5.8,2.3,38.3
331,Austin Hooper   NE,TE,16,1.0,3.8,2.8,2.4,0.0,0.5,7.1,3.8,2.0,0.0,,3.9,0.0,BYE,0.0,3.4,7.1,0.5,2.4,38.3
333,Tommy Tremble   CAR,TE,17,0.2,2.0,1.6,10.2,0.7,3.9,0.0,0.4,0.0,0.0,5.4,0.0,0.2,BYE,1.3,0.6,0.6,9.8,2.2,36.9
334,Greg Dulcich   MIA,TE,10,,,,,,,,0.0,4.9,2.2,1.8,BYE,2.4,4.1,4.6,2.6,11.1,3.1,3.7,36.8
335,Tim Patrick   JAC,WR,16,0.0,0.0,1.6,-0.1,0.0,8.6,2.2,BYE,,0.0,8.0,0.0,1.1,13.8,0.0,1.1,0.0,0.4,2.3,36.7
335,Isaiah Bond   CLE,WR,16,0.5,1.5,1.6,5.8,2.9,0.9,0.0,0.0,BYE,,0.8,5.8,2.7,0.0,8.9,2.0,1.6,1.7,2.3,36.7
335,Jackson Hawes   BUF,TE,17,2.9,0.5,6.5,1.5,0.0,0.0,BYE,1.5,1.8,8.6,0.0,2.6,1.0,6.3,0.9,2.6,0.0,0.0,2.2,36.7
338,Rashod Bateman   BAL,WR,13,1.0,1.5,12.3,2.4,0.0,0.8,BYE,5.1,7.3,3.0,,,0.0,2.3,,0.0,0.7,,2.8,36.4
339,Demarcus Robinson   SF,WR,14,,,,2.0,3.9,4.4,0.0,2.5,0.0,3.4,1.3,0.8,0.6,BYE,3.6,8.3,3.0,2.4,2.6,36.2
340,Audric Estime   NO,RB,7,,,,,,,,,,0.0,BYE,,0.0,1.1,5.0,3.6,15.8,10.6,5.2,36.1
341,Travis Hunter   JAC,WR,7,3.3,2.2,2.1,4.2,6.4,1.5,16.1,BYE,,,,,,,,,,,5.1,35.8
342,Brady Cook   NYJ,QB,5,,,,,,,,,BYE,,,,,4.5,11.9,4.7,5.2,9.1,7.1,35.5
343,Quinn Ewers   MIA,QB,4,,,,,,,2.1,,,,,BYE,,,,8.9,14.8,9.4,8.8,35.2
344,Isaiah Likely   BAL,TE,14,,,,0.0,1.2,0.6,BYE,0.8,6.0,1.7,1.5,1.0,7.5,8.5,0.0,0.0,2.7,3.2,2.5,34.7
344,Philip Rivers   IND,QB,3,,,,,,,,,,,BYE,,,,7.8,18.1,8.8,,11.6,34.7
346,Jaylin Lane   WAS,WR,15,1.1,0.2,5.8,1.8,1.6,4.4,6.0,0.0,0.9,4.1,1.3,BYE,0.0,0.0,6.0,0.0,,,2.2,33.2
347,Kyle Juszczyk   SF,RB,17,3.2,0.5,6.1,3.2,2.0,0.9,0.8,0.4,1.2,0.8,2.6,0.0,2.7,BYE,0.7,0.0,7.4,0.5,1.9,33.0
347,Younghoe Koo   NYG,K,6,9.0,,,,,,,,,8.0,2.0,10.0,1.0,BYE,3.0,,,,5.5,33.0
349,Isaiah Williams   NYJ,WR,15,,0.0,0.0,-2.0,,0.0,0.0,5.6,BYE,6.4,0.6,0.0,0.0,8.4,5.3,2.5,3.5,2.4,2.2,32.7
350,Tyreek Hill   MIA,WR,4,4.0,10.9,10.9,6.7,,,,,,,,BYE,,,,,,,8.1,32.5
351,Jahan Dotson   PHI,WR,17,5.9,0.4,0.7,0.0,2.4,1.7,0.0,10.0,BYE,0.0,4.3,0.0,1.2,0.3,0.0,1.3,0.0,4.0,1.9,32.2
352,Riley Leonard   IND,QB,5,,,,,,,,0.1,,,BYE,,,11.3,,0.0,-1.0,21.6,6.4,32.0
352,Ben Sauls   NYG,K,3,,,,,,,,,,,,,,BYE,,7.0,10.0,15.0,10.7,32.0
354,Devontez Walker   BAL,WR,11,,14.6,3.4,0.0,0.0,,BYE,,,,0.0,3.0,0.0,,0.0,0.0,0.0,10.6,2.9,31.6
355,Mitchell Trubisky   BUF,QB,4,,1.0,,,,,BYE,0.9,,0.4,,,,,,,,28.9,7.8,31.1
355,David Sills V   ATL,WR,17,0.0,0.0,0.9,0.0,BYE,0.0,0.0,1.4,0.0,0.0,1.1,7.6,7.5,0.0,7.8,0.0,3.7,1.1,1.8,31.1
357,Taysom Hill   NO,TE,13,,,,,0.7,6.1,0.8,1.2,3.0,2.0,BYE,1.7,0.7,-0.1,0.2,11.3,0.0,3.2,2.4,30.8
358,Tyrell Shavers   BUF,WR,17,0.0,0.0,2.4,0.0,0.0,2.7,BYE,0.0,0.7,2.4,15.0,0.0,0.0,1.6,0.0,2.1,3.6,0.0,1.8,30.5
359,Joshua Palmer   BUF,WR,12,6.1,4.7,0.5,2.5,3.6,6.0,BYE,,,,1.7,2.1,,,1.6,0.2,1.2,0.1,2.5,30.3
359,Calvin Ridley   TEN,WR,7,2.7,5.7,2.7,3.0,13.1,1.8,,,,BYE,1.3,,,,,,,,4.3,30.3
359,Xavier Smith   LAR,WR,16,3.6,0.0,0.0,0.0,0.0,0.0,1.5,BYE,1.2,1.4,0.8,,8.2,0.6,0.0,5.7,6.7,0.6,1.9,30.3
362,Christian Kirk   HOU,WR,13,,,2.5,2.0,6.4,BYE,,,2.6,0.3,0.6,11.4,0.0,0.6,0.0,3.7,0.1,-0.3,2.3,29.9
363,Dyami Brown   JAC,WR,15,5.8,12.6,0.7,,1.5,2.0,5.0,BYE,2.9,0.0,0.0,0.0,,0.0,-1.6,0.0,0.0,0.8,2.0,29.7
364,Jayden Reed   GB,WR,7,10.5,0.0,,,BYE,,,,,,,,,5.3,5.5,4.1,4.1,0.0,4.2,29.5
365,Mitchell Evans   CAR,TE,17,0.0,0.9,0.9,8.3,6.4,2.1,2.4,0.0,0.0,0.0,2.8,0.0,2.0,BYE,0.0,2.3,0.6,0.5,1.7,29.2
366,Tanner Hudson   CIN,TE,13,,,,0.0,0.0,7.0,,0.9,4.2,BYE,2.2,0.9,7.4,1.1,1.6,0.4,3.1,0.0,2.2,28.8
367,Jalen Tolbert   DAL,WR,13,0.0,1.6,4.4,6.1,0.0,0.8,1.6,10.7,0.0,BYE,0.0,,0.0,,,,3.1,0.0,2.2,28.3
367,Kendre Miller   NO,RB,7,2.4,1.0,3.6,12.5,4.9,3.2,0.7,,,,BYE,,,,,,,,4.0,28.3
369,Elijah Higgins   ARI,TE,17,0.3,4.5,0.7,0.0,1.0,3.4,0.3,BYE,3.0,1.9,-0.9,0.0,1.7,0.0,0.3,9.1,0.0,2.8,1.7,28.1
370,Brandin Cooks   BUF,WR,15,2.6,2.6,2.4,2.2,0.5,2.1,0.3,2.2,1.6,0.0,,,1.3,0.0,0.0,0.0,10.1,,1.9,27.9
371,Chris Moore   WAS,WR,14,3.4,,2.5,0.9,0.0,10.6,5.9,0.0,0.0,0.0,2.8,BYE,0.0,,,0.0,1.5,0.0,2.0,27.6
372,Jaleel McLaughlin   DEN,RB,8,,,,,,0.0,,,,,7.4,BYE,3.0,3.1,0.4,3.7,4.0,5.8,3.4,27.4
373,Roman Wilson   PIT,WR,14,0.0,0.7,0.0,0.0,BYE,1.2,1.7,13.4,-1.6,9.5,1.7,0.0,0.0,0.0,,,0.0,,1.9,26.6
374,Josh Johnson   WAS,QB,5,,,,,,,,,,0.0,0.0,BYE,,,,0.7,8.9,16.7,5.3,26.4
375,Charlie Kolar   BAL,TE,17,0.0,0.0,2.2,0.0,1.0,0.0,BYE,7.0,8.3,2.3,0.0,0.0,1.7,1.9,0.0,1.8,0.0,0.0,1.5,26.2
376,Tyler Johnson   NYJ,WR,12,3.1,0.0,3.2,,0.0,0.0,6.0,12.4,BYE,0.0,0.0,,0.0,,,0.7,0.3,,2.1,25.7
377,Adam Trautman   DEN,TE,17,0.5,7.0,0.0,3.2,1.1,0.0,0.0,0.0,2.5,0.2,0.8,BYE,4.7,1.7,0.0,1.4,2.4,0.0,1.5,25.5
378,James Conner   ARI,RB,4,10.4,11.2,3.7,,,,,BYE,,0.0,,,,,,,,,6.3,25.3
379,Luke Musgrave   GB,TE,17,0.4,3.2,0.0,0.6,BYE,0.7,0.0,0.5,3.4,2.3,-0.1,0.7,2.3,2.2,5.2,3.8,0.0,0.0,1.5,25.2
379,Tutu Atwell   LAR,WR,10,0.4,0.0,0.0,14.8,7.2,,0.0,BYE,,,,,,,0.9,0.0,0.0,1.9,2.5,25.2
379,Zavier Scott   MIN,RB,11,,,5.0,10.4,-0.2,BYE,0.6,2.4,0.0,,,,2.1,2.0,,1.2,0.0,1.7,2.3,25.2
382,Ja'Tavion Sanders   CAR,TE,13,2.7,5.4,1.1,,,,0.0,1.9,0.5,3.2,2.2,0.6,0.0,BYE,0.5,6.9,0.0,,1.9,25.0
383,Connor Heyward   PIT,TE,16,0.0,0.6,0.0,0.2,BYE,7.2,0.0,0.0,0.4,0.0,0.3,0.0,,0.2,6.4,0.0,2.6,6.5,1.5,24.4
384,Hunter Luepke   DAL,RB,17,0.0,0.0,0.0,0.6,1.0,6.7,0.3,0.2,0.0,BYE,4.1,0.7,0.0,0.0,3.0,1.4,4.4,1.6,1.4,24.0
385,Jeremy Ruckert   NYJ,TE,17,1.6,6.5,0.0,2.3,2.8,0.0,0.0,2.4,BYE,0.0,2.3,0.0,1.2,1.9,1.3,1.4,0.2,0.0,1.4,23.9
386,Gunner Olszewski   NYG,WR,16,0.0,0.0,0.0,0.0,0.0,0.0,0.0,0.0,8.4,0.0,0.0,5.3,-2.0,BYE,,0.0,1.9,10.2,1.5,23.8
387,Mitch Tinsley   CIN,WR,13,0.0,7.3,0.0,0.9,,,,,2.7,BYE,0.0,8.9,2.2,0.0,1.6,0.0,0.0,0.0,1.8,23.6
388,Brock Wright   DET,TE,11,0.0,8.8,0.0,0.0,6.9,0.0,2.3,BYE,1.1,0.0,0.8,2.9,,,,,,,2.1,22.8
389,Jawhar Jordan   HOU,RB,4,,,,,,BYE,,,,,,,,,11.8,7.0,3.6,0.3,5.7,22.7
389,Jaret Patterson   LAC,RB,6,,,,,,,,3.0,4.4,0.1,,BYE,11.4,,,,0.1,3.7,3.8,22.7
391,Jack Bech   LV,WR,16,2.3,0.0,1.0,0.0,2.7,0.0,1.3,BYE,0.0,0.0,1.9,0.0,2.2,5.0,1.7,4.3,,0.0,1.4,22.4
391,Trey Benson   ARI,RB,5,7.5,4.4,5.1,5.4,,,,BYE,,,0.0,,,,,,,,4.5,22.4
393,Lucas Havrisik   GB,K,3,,,,,BYE,10.0,11.0,,,,1.0,,,,,,,,7.3,22.0
393,Matthew Wright   HOU,K,4,,,,,,5.0,,1.0,,4.0,12.0,,,,,,,,5.5,22.0
395,Elijah Arroyo   SEA,TE,13,0.7,3.1,0.0,4.4,1.0,0.6,2.2,BYE,8.9,0.5,0.0,0.5,0.0,0.0,,,,,1.7,21.9
396,Lil'Jordan Humphrey   DEN,WR,10,,,,,,5.5,0.0,0.0,,,0.0,BYE,0.0,2.7,10.2,0.9,2.3,0.0,2.2,21.6
397,Antonio Gibson   NE,RB,5,0.3,8.8,0.8,8.7,2.6,,,,,,,,,BYE,,,,,4.2,21.2
398,Hunter Renfrow   CAR,WR,6,1.1,16.8,0.6,1.0,0.7,0.7,,,,,,,,BYE,,,,,3.5,20.9
399,Jahdae Walker   CHI,WR,7,,,,0.0,BYE,,,0.0,0.0,,,,,0.0,,8.1,3.0,9.6,3.0,20.7
400,Adam Thielen   PIT,WR,16,2.0,2.6,0.0,1.1,0.0,,1.0,0.0,0.0,1.6,0.6,0.0,,0.4,0.7,4.9,1.4,4.3,1.3,20.6
400,Malachi Corley   CLE,WR,13,,,,,1.1,0.0,1.7,3.1,BYE,3.2,0.9,0.2,0.9,0.2,1.0,4.1,0.4,3.8,1.6,20.6
402,Hunter Long   JAC,TE,9,6.6,0.0,1.2,8.3,0.3,1.9,1.6,BYE,0.6,,,,,0.0,,,,,2.3,20.5
403,Bo Melton   GB,WR,16,0.0,,0.0,0.0,BYE,0.3,0.0,0.0,0.0,2.8,1.7,0.0,1.5,10.5,0.0,0.0,3.4,0.0,1.3,20.2
404,Kevin Austin Jr.   NO,WR,8,,,0.0,,,,,,,,BYE,0.0,0.0,0.0,3.3,1.8,11.2,3.7,2.5,20.0
405,Ameer Abdullah   IND,RB,13,,,,,6.6,1.6,2.7,0.8,0.5,0.8,BYE,0.0,0.0,0.9,4.7,-1.6,0.4,2.5,1.5,19.9
405,Theo Wease Jr.   MIA,WR,3,,,,,,,,,,,,BYE,,,,3.2,12.3,4.4,6.6,19.9
407,Chris Brooks   GB,RB,17,0.3,2.7,0.0,0.1,BYE,0.1,0.0,0.0,2.4,0.0,0.8,2.6,0.9,0.6,1.6,0.4,1.1,6.1,1.2,19.7
408,Elijah Moore   DEN,WR,9,1.1,9.7,4.1,0.0,,0.0,,1.4,2.8,0.8,,-0.3,,,,,,,2.2,19.6
409,Jaydon Blue   DAL,RB,5,,,,,0.7,0.0,3.4,2.9,,BYE,,,,,,,,12.4,3.9,19.4
410,Treylon Burks   WAS,WR,8,,,,,,,,,1.4,5.8,,BYE,6.5,0.0,0.0,3.0,1.1,1.2,2.4,19.0
411,Gabe Davis   BUF,WR,6,,,,,,,BYE,,,,4.0,2.2,0.5,2.1,,,0.0,10.1,3.2,18.9
412,George Holani   SEA,RB,10,0.0,6.0,2.2,0.0,0.0,0.0,0.0,BYE,0.9,9.1,0.6,,,,,,,,1.9,18.8
413,Miles Sanders   DAL,RB,4,3.0,7.9,5.3,2.5,,,,,,BYE,,,,,,,,,4.7,18.7
414,Luke Farrell   SF,TE,17,0.4,7.5,0.0,0.0,0.8,0.0,1.1,0.0,0.9,7.5,0.0,0.3,0.0,BYE,0.0,0.0,0.0,0.0,1.1,18.5
415,Zay Jones   ARI,WR,8,0.4,0.0,2.5,,0.8,7.9,6.7,BYE,0.0,0.0,,,,,,,,,2.3,18.3
415,Jordan Whittington   LAR,WR,17,0.5,4.2,1.4,0.7,3.3,2.3,0.9,BYE,0.0,0.0,0.9,1.7,0.0,0.5,0.0,1.9,0.0,0.0,1.1,18.3
417,Marquez Valdes-Scantling   PIT,WR,10,0.0,0.0,0.9,,0.9,2.2,,,,,,,,0.0,7.9,0.6,2.1,3.4,1.8,18.0
418,Jalen McMillan   TB,WR,4,,,,,,,,,BYE,,,,,,3.8,1.6,11.4,1.1,4.5,17.9
419,Noah Gray   KC,TE,16,0.3,0.1,1.7,0.1,0.0,2.5,2.8,2.3,0.0,BYE,0.9,2.5,,1.4,0.0,0.0,0.2,3.0,1.1,17.8
420,Mo Alie-Cox   IND,TE,17,2.0,0.8,0.0,0.0,0.0,1.6,0.6,0.0,0.0,0.0,BYE,0.9,0.0,0.0,0.0,1.6,8.0,2.2,1.0,17.7
420,Jimmy Horn Jr.   CAR,WR,13,,,,,3.1,4.7,1.5,0.9,0.8,0.0,0.0,1.1,0.0,BYE,0.7,2.5,0.9,1.5,1.4,17.7
422,Jerome Ford   CLE,RB,13,0.5,5.4,1.0,0.3,3.8,3.0,1.0,-0.1,BYE,0.1,0.2,-0.3,1.7,1.0,,,,,1.4,17.6
423,Isaiah Hodgins   NYG,WR,7,,,,,,,,,,,5.7,10.2,0.4,BYE,0.4,0.0,0.8,0.0,2.5,17.5
424,Ben Sinnott   WAS,TE,16,0.0,0.7,0.0,0.0,0.0,0.0,0.0,2.2,0.0,6.4,,BYE,0.0,0.8,3.6,0.5,2.9,0.3,1.1,17.4
424,Raheem Mostert   LV,RB,12,,,,7.3,2.2,-0.4,0.2,BYE,1.4,1.5,1.3,2.0,0.6,0.2,0.2,0.9,,,1.5,17.4
426,Raheim Sanders   CLE,RB,5,6.3,,,,,,,,BYE,,,0.0,,,,4.6,3.1,3.3,3.5,17.3
427,Andrew Beck   NYJ,TE,17,0.0,0.0,0.0,0.0,6.1,0.6,0.0,0.9,BYE,0.0,0.0,1.0,0.0,1.7,0.5,0.0,0.0,6.2,1.0,17.0
427,Mason Rudolph   PIT,QB,5,,0.5,,,BYE,0.0,,,,,9.0,8.5,-1.0,,,,,,3.4,17.0
429,Drew Sample   CIN,TE,17,0.0,0.7,8.0,0.0,-0.1,-0.2,0.0,0.0,0.0,BYE,0.0,0.0,1.7,0.0,1.2,3.1,0.8,1.7,1.0,16.9
430,Tyler Badie   DEN,RB,16,1.6,2.2,0.0,1.1,1.6,,1.9,0.6,0.6,0.0,0.0,BYE,1.8,2.1,0.1,0.2,0.0,2.6,1.0,16.4
431,John Bates   WAS,TE,15,0.0,0.0,,,0.9,0.0,0.5,2.2,2.0,0.6,0.0,BYE,0.9,0.0,1.9,0.0,0.0,7.3,1.1,16.3
432,Brycen Tremayne   CAR,WR,16,0.0,4.8,1.5,3.6,0.9,0.0,0.0,0.0,0.8,,1.7,0.0,0.0,BYE,0.0,0.0,0.0,2.7,1.0,16.0
432,Julian Hill   MIA,TE,14,2.0,0.0,0.4,1.9,2.2,3.1,0.1,,,,1.4,BYE,0.0,0.0,2.5,0.0,1.6,0.8,1.1,16.0
434,Savion Williams   GB,WR,12,0.1,2.4,-0.1,2.3,BYE,0.3,0.0,6.9,-0.8,0.2,3.3,0.0,,,,0.9,,,1.3,15.5
435,Rasheen Ali   BAL,RB,15,0.5,0.0,0.0,0.0,0.0,0.0,BYE,0.0,0.0,,1.5,,1.7,1.3,9.2,0.2,0.8,0.0,1.0,15.2
435,Konata Mumpfield   LAR,WR,17,0.0,0.0,0.0,0.0,0.0,0.7,6.5,BYE,0.0,0.0,0.0,2.5,0.0,0.5,0.0,4.0,1.0,0.0,0.9,15.2
437,Cody White   SEA,WR,9,0.0,,,,,,,BYE,12.0,0.0,0.0,0.0,2.1,0.9,0.0,0.0,,,1.7,15.0
437,Ashton Dulin   IND,WR,12,1.5,0.0,0.0,1.8,5.5,0.0,,-0.8,0.0,2.2,BYE,4.8,,,,,0.0,0.0,1.3,15.0
437,Jude McAtamney   NYG,K,4,,,,7.0,2.0,4.0,2.0,,,,,,,BYE,,,,,3.8,15.0
437,Brevyn Spann-Ford   DAL,TE,17,0.0,0.3,0.0,0.0,0.0,0.2,0.0,0.9,0.0,BYE,0.4,6.4,0.0,0.7,0.0,0.0,3.1,3.0,0.9,15.0
441,LeQuint Allen Jr.   JAC,RB,17,1.1,1.3,0.9,0.7,0.0,1.2,0.4,BYE,1.1,0.6,3.6,0.2,0.0,0.8,1.6,1.0,0.3,0.0,0.9,14.8
441,Tanner McKee   PHI,QB,4,,,,,,,,-0.2,BYE,,,,,,2.2,-0.2,,12.9,3.7,14.8
443,Trey Lance   LAC,QB,4,,,,,2.9,,,,,,1.6,BYE,0.8,,,,,9.3,3.6,14.5
444,Terrell Jennings   NE,RB,6,,,,,,,1.8,1.5,10.4,0.5,,0.0,0.0,BYE,,,,,2.4,14.2
445,Dare Ogunbowale   HOU,RB,17,0.6,0.0,0.0,0.0,0.0,BYE,0.0,1.7,0.2,0.0,0.9,0.0,0.0,6.5,3.4,-0.1,0.0,0.9,0.8,14.1
445,Curtis Samuel   BUF,WR,6,,,,0.9,8.6,,BYE,0.0,0.6,2.1,1.9,,,,,,,,2.4,14.1
447,Kameron Johnson   TB,WR,17,0.0,0.0,0.0,0.0,0.2,12.4,0.0,0.0,BYE,1.1,0.0,0.0,0.0,0.0,0.0,0.0,0.0,0.0,0.8,13.7
448,Grant Calcaterra   PHI,TE,15,0.0,0.6,0.0,1.6,1.8,,,0.0,BYE,0.0,0.0,0.8,0.0,0.0,0.4,0.0,0.3,8.1,0.9,13.6
448,C.J. Ham   MIN,RB,11,,,,,0.0,BYE,0.5,,,0.0,0.0,0.0,0.0,0.0,6.1,0.3,0.0,6.7,1.2,13.6
450,Dont'e Thornton Jr.   LV,WR,15,4.5,2.0,2.9,0.0,0.0,0.0,0.0,BYE,,0.4,0.0,1.4,1.1,,0.0,0.0,1.2,0.0,0.9,13.5
450,Efton Chism III   NE,WR,8,,,,,,0.0,0.0,,0.0,0.0,0.0,,0.0,BYE,,,10.0,3.5,1.7,13.5
452,Braelon Allen   NYJ,RB,4,6.9,1.1,4.7,0.6,,,,,BYE,,,,,,,,,,3.3,13.3
453,John FitzPatrick   GB,TE,15,0.2,0.0,7.2,0.0,BYE,0.0,0.6,0.4,0.0,0.0,0.5,1.1,0.0,1.4,1.8,0.0,,,0.9,13.2
453,Luke Schoonmaker   DAL,TE,17,0.0,0.0,0.5,0.8,0.3,0.8,0.0,2.5,1.4,BYE,0.0,0.0,0.1,1.2,2.9,0.0,1.5,1.2,0.8,13.2
455,Allen Lazard   NYJ,WR,10,,0.0,7.3,0.8,0.3,,1.6,0.5,BYE,,,0.9,1.0,0.0,0.6,,,,1.3,13.0
456,Ben Skowronek   PIT,WR,16,8.2,0.0,0.0,0.0,BYE,0.0,0.0,1.3,0.0,0.0,0.0,2.1,0.0,1.3,0.0,0.0,,0.0,0.8,12.9
457,Joe Milton III   DAL,QB,4,,,0.6,,,,,6.3,,BYE,,,,,,-0.9,,6.2,3.1,12.3
458,Josh Reynolds   NYJ,WR,5,1.8,,,0.0,4.9,2.5,2.9,,BYE,,,,,,,,,,2.4,12.1
459,Shedrick Jackson   LV,WR,5,,,,,,,0.0,BYE,,,,,,8.5,0.0,,2.0,1.4,2.4,11.9
460,Quintin Morris   JAC,TE,13,,0.0,,0.0,0.0,0.0,,BYE,,0.0,1.1,0.0,1.4,0.0,2.0,0.5,0.0,6.5,0.9,11.5
461,Ian Thomas   LV,TE,15,0.0,0.0,0.0,0.0,2.0,0.4,0.0,BYE,0.9,0.0,2.0,3.6,0.8,1.7,,,0.0,0.0,0.8,11.4
462,Chris Oladokun   KC,QB,3,,,,,,,,,,BYE,,,,,,5.1,7.7,-1.7,3.7,11.2
463,KeAndre Lambert-Smith   LAC,WR,10,0.0,0.0,,0.0,0.0,0.1,,,0.0,,,BYE,,,7.6,1.0,0.0,2.4,1.1,11.1
463,Johnny Mundt   JAC,TE,16,0.0,0.0,0.7,0.0,0.7,1.4,0.9,BYE,0.0,2.1,2.5,1.2,0.0,,0.0,0.0,0.0,1.6,0.7,11.1
465,Kene Nwangwu   NYJ,RB,10,0.0,,,,,0.0,0.0,,BYE,6.0,0.0,0.0,,0.0,,0.0,3.1,1.8,1.1,10.9
466,Nate Adkins   DEN,TE,9,,,0.0,0.5,0.0,8.3,2.0,0.0,,,,BYE,,,0.0,0.0,,0.0,1.2,10.8
467,Jamari Thrash   CLE,WR,9,0.6,0.5,0.7,0.0,2.2,1.3,2.3,3.1,BYE,0.0,,,,,,,,,1.2,10.7
467,Dante Pettis   NO,WR,8,,,,,,,,,,0.0,BYE,1.4,0.0,0.0,0.0,0.0,3.3,6.0,1.3,10.7
469,Jack Stoll   NO,TE,15,0.0,0.0,8.1,0.7,0.0,0.0,0.0,0.0,0.0,,BYE,0.7,0.0,0.0,0.7,0.4,0.0,,0.7,10.6
470,Andy Dalton   CAR,QB,4,,,-0.1,6.3,,,2.2,2.1,,,,,,BYE,,,,,2.6,10.5
470,Tylan Wallace   BAL,WR,14,0.0,8.5,0.0,1.4,0.0,0.0,BYE,0.6,0.0,0.0,0.0,0.0,,0.0,0.0,,,0.0,0.8,10.5
472,Tyler Conklin   LAC,TE,10,5.2,0.0,0.0,0.3,3.0,0.0,,0.0,,1.2,,BYE,0.0,,,,,0.6,1.0,10.3
473,Skyy Moore   SF,WR,17,0.0,0.0,1.0,0.0,0.1,0.0,1.5,0.0,2.1,1.8,0.0,0.0,0.0,BYE,0.0,2.3,1.0,0.0,0.6,9.8
474,Kenny Pickett   LV,QB,6,,,,,,,-1.7,BYE,,0.0,,,,8.5,2.3,,0.6,0.0,1.6,9.7
474,Adam Prentice   DEN,RB,17,0.4,0.0,0.0,0.4,0.8,0.3,0.0,0.0,0.2,1.3,1.4,BYE,1.4,3.3,-0.1,0.0,0.3,0.0,0.6,9.7
474,Will Dissly   LAC,TE,9,1.8,0.7,,,,1.8,0.0,,,,,BYE,,0.1,0.0,2.8,1.9,0.6,1.1,9.7
474,Brittain Brown   CHI,RB,2,,,,,BYE,,,,9.7,,,,,,0.0,,,,4.9,9.7
478,Josh Whyle   GB,TE,8,,,,,BYE,,,,,0.0,6.2,0.1,0.0,2.1,0.0,,0.8,0.4,1.2,9.6
478,DJ Giddens   IND,RB,9,4.1,0.0,0.3,0.0,2.2,0.0,0.0,,,,BYE,,,,,,0.0,3.0,1.1,9.6
480,Ryan Miller   NYG,WR,13,0.0,8.0,0.0,0.0,0.0,0.0,1.4,0.0,,0.0,0.0,0.0,0.0,0.0,,,,,0.7,9.4
480,Casey Washington   ATL,WR,7,3.3,,,1.9,BYE,0.0,1.7,2.5,,0.0,0.0,,,,,,,,1.3,9.4
480,Mason Tipton   NO,WR,13,,,0.0,0.0,0.0,0.0,0.0,0.0,0.0,0.0,BYE,3.3,1.9,0.0,0.1,4.1,,,0.7,9.4
483,Darius Cooper   PHI,WR,13,0.0,0.0,0.0,,,,,0.0,BYE,0.0,0.0,0.7,0.0,1.9,2.9,0.0,0.4,3.3,0.7,9.2
484,Tanner Conner   NYG,TE,9,2.0,0.0,1.3,0.0,1.6,0.8,2.8,0.6,0.0,,,,,BYE,,,,,1.0,9.1
484,Trayveon Williams   CLE,RB,7,,,,,,,,,BYE,0.0,-0.1,,,0.0,0.7,5.5,1.0,2.0,1.3,9.1
486,David Martin-Robinson   TEN,TE,15,0.0,,0.0,,0.0,6.1,0.0,0.0,0.0,BYE,0.0,0.0,0.0,0.6,0.0,0.0,0.9,1.4,0.6,9.0
486,Michael Bandy   DEN,WR,4,,,,,,,,,-0.4,0.0,,BYE,,,8.0,,1.4,,2.3,9.0
488,Phil Mafah   DAL,RB,1,,,,,,,,,,BYE,,,,,,,,8.9,8.9,8.9
488,Nick Westbrook-Ikhine   MIA,WR,15,0.7,1.8,0.0,0.1,0.0,0.0,1.6,1.8,2.2,0.7,0.0,BYE,0.0,0.0,0.0,,,0.0,0.6,8.9
490,Trevor Etienne   CAR,RB,17,0.4,0.2,-2.0,3.3,2.9,1.7,0.0,1.6,0.0,0.0,0.2,0.0,0.4,BYE,0.0,0.0,0.0,0.0,0.5,8.7
490,Drew Ogletree   IND,TE,15,0.0,0.0,0.0,0.0,0.0,0.0,0.0,0.0,0.0,0.0,BYE,6.8,0.8,0.0,0.0,1.1,,,0.6,8.7
492,Najee Harris   LAC,RB,3,1.0,4.8,2.8,,,,,,,,,BYE,,,,,,,2.9,8.6
492,Malik Heath   ATL,WR,11,0.0,3.7,0.0,0.9,BYE,0.0,0.0,2.9,1.1,0.0,,0.0,0.0,,,,,,0.8,8.6
494,Will Shipley   PHI,RB,15,2.6,,,0.0,0.4,0.0,0.7,0.2,BYE,3.4,0.0,0.0,1.1,0.3,0.0,-1.7,0.2,1.3,0.6,8.5
495,Noah Brown   WAS,WR,4,2.7,0.9,,,,,,,,,,BYE,,1.9,2.8,,,,2.1,8.3
495,Ronnie Bell   NO,WR,2,,,,,,,,,,,BYE,,,,,,0.0,8.3,4.2,8.3
497,Max Brosmer   MIN,QB,7,,,1.2,,-0.1,BYE,,0.5,,,,,0.9,,,1.8,3.6,0.3,1.2,8.2
498,Austin Ekeler   WAS,RB,3,5.7,2.4,,,,,,,0.0,,,BYE,,,,,,,2.7,8.1
498,Josiah Deguara   ARI,TE,12,,0.0,,,,,0.0,BYE,0.0,0.0,0.0,0.6,0.0,0.0,0.0,0.0,0.0,7.5,0.7,8.1
500,Cade Stover   HOU,TE,9,2.2,,,,,BYE,,,,,0.0,0.0,1.9,0.0,2.2,0.7,0.0,0.9,0.9,7.9
501,Kaleb Johnson   PIT,RB,10,-0.2,0.1,,2.2,BYE,1.5,,,1.3,0.3,1.5,,0.3,0.4,0.4,,,,0.8,7.8
501,British Brooks   HOU,RB,13,,,,0.0,1.5,BYE,0.0,0.0,0.0,0.0,,0.0,0.0,0.0,0.0,0.0,0.0,6.3,0.6,7.8
503,Corey Kiner   ARI,RB,4,,,,,,,,BYE,,,,,,,1.1,3.2,0.2,2.8,1.8,7.3
504,Cam Akers   SEA,RB,4,,,1.9,,5.3,,,BYE,,,,,,,,,0.0,0.0,1.8,7.2
505,Ray-Ray McCloud III   NYG,WR,6,5.1,0.0,2.0,-0.7,,,,,0.5,0.0,,,,BYE,,,,,1.2,6.9
506,Xavier Weaver   ARI,WR,9,,,,0.0,,,0.0,BYE,0.0,,1.5,0.9,0.0,,,1.9,2.4,0.0,0.7,6.7
507,Devin Culp   TB,TE,11,,,,0.0,0.0,0.0,0.0,0.0,BYE,0.0,0.0,0.0,0.0,0.0,6.6,,,,0.6,6.6
508,Arian Smith   NYJ,WR,16,0.0,-0.2,0.2,0.0,1.4,0.0,0.0,2.3,BYE,1.3,0.0,0.8,,0.0,0.0,0.0,0.5,0.2,0.4,6.5
508,James Proche II   TEN,WR,9,,,,,,,,0.0,0.0,BYE,,4.2,1.3,0.0,0.0,0.0,0.5,0.5,0.7,6.5
510,Scotty Miller   PIT,WR,13,0.0,0.0,0.0,0.0,BYE,0.0,0.9,,,,0.0,0.0,,0.0,0.0,1.9,2.5,0.9,0.5,6.2
511,Alec Ingold   MIA,RB,17,0.1,1.3,0.0,0.0,0.0,2.5,0.0,0.0,0.0,0.6,0.0,BYE,0.0,0.0,0.4,0.9,0.0,0.3,0.4,6.1
511,AJ Dillon   PHI,RB,7,1.0,1.9,0.0,1.7,1.2,0.0,,,BYE,,,,,,,,,0.3,0.9,6.1
513,Charlie Jones   CIN,WR,14,0.0,0.0,0.0,0.0,0.0,0.0,0.0,0.0,6.0,BYE,0.0,0.0,0.0,0.0,0.0,,,,0.4,6.0
513,Hassan Haskins   LAC,RB,13,0.0,0.0,0.0,0.0,1.5,2.3,0.5,,0.0,0.0,,BYE,,0.0,,1.4,0.0,0.3,0.5,6.0
515,Foster Moreau   NO,TE,11,,,,,0.0,0.9,0.0,0.0,0.0,1.6,BYE,0.0,1.3,1.6,0.0,0.5,,,0.5,5.9
516,Ty Chandler   MIN,RB,3,0.0,,,,,BYE,,,,,,,,,,,2.4,3.4,1.9,5.8
517,Cooper Rush   BAL,QB,4,,-0.4,,2.1,4.2,-0.1,BYE,,,,,,,,,,,,1.4,5.7
518,Zamir White   LV,RB,5,0.8,1.3,2.3,,,,,BYE,,,,,,,,,0.2,1.0,1.1,5.6
518,Khalil Herbert   NYJ,RB,5,,,,,0.0,,,,BYE,,,,,0.0,0.5,,0.5,4.6,1.1,5.6
520,Tahj Brooks   CIN,RB,12,0.0,0.0,1.7,0.0,,,0.0,0.0,0.1,BYE,0.5,0.5,,,0.0,0.7,1.9,,0.5,5.4
520,Evan Hull   NO,RB,6,,,,,,,,,,,BYE,,1.5,1.0,1.2,0.3,0.3,1.1,0.9,5.4
520,Gage Larvadain   CLE,WR,13,,,,,0.0,2.2,0.0,0.3,BYE,0.0,0.0,0.0,0.3,1.8,0.8,0.0,0.0,0.0,0.4,5.4
523,Robbie Chosen   WAS,WR,3,,,,,,,3.6,,,1.7,0.0,BYE,,,,,,,1.8,5.3
523,Anthony Firkser   DET,TE,7,,,,,,,,BYE,,,,0.0,0.4,0.7,0.0,4.0,0.0,0.2,0.8,5.3
525,Stone Smartt   NYJ,TE,9,,,,0.0,,0.0,,,BYE,0.0,,,0.0,0.0,0.0,3.4,1.8,0.0,0.6,5.2
526,Eric Saubert   SEA,TE,11,0.0,0.0,1.2,0.0,0.0,0.0,0.0,BYE,,,,,,,0.9,2.0,0.0,1.0,0.5,5.1
527,Charlie Woerner   ATL,TE,17,0.0,0.0,-0.5,0.0,BYE,0.0,0.0,0.0,0.0,1.4,0.0,2.4,0.0,0.0,1.2,0.3,0.0,0.0,0.3,4.8
527,Dareke Young   SEA,WR,9,,0.0,1.2,0.0,3.6,0.0,0.0,BYE,,,,,,,,0.0,0.0,0.0,0.5,4.8
527,Mason Kinsey   TEN,WR,10,,,,,,,0.0,0.0,0.0,BYE,1.4,0.0,,0.0,0.0,0.0,3.4,0.0,0.5,4.8
527,Brenden Bates   CLE,TE,9,,,,0.0,2.3,,0.0,,BYE,,0.0,0.0,,,0.0,0.0,1.9,0.6,0.5,4.8
527,Aidan O'Connell   LV,QB,1,,,,,,,,BYE,,,,,,,,,,4.8,4.8,4.8
532,Ronnie Rivers   LAR,RB,7,,,,,,,0.0,BYE,,,,,0.0,4.1,0.0,0.0,0.5,0.0,0.7,4.6
532,Austin Trammell   JAC,WR,6,,,,,,,,BYE,0.0,3.3,1.3,0.0,0.0,0.0,,,,,0.8,4.6
534,Cedrick Wilson Jr.   MIA,WR,10,,,,,,,,0.2,0.7,0.0,0.0,BYE,1.6,0.0,0.0,1.1,0.8,0.0,0.4,4.4
535,Dee Eskridge   MIA,WR,13,0.9,0.8,0.0,0.0,0.0,0.0,2.5,0.0,0.0,,,BYE,0.0,0.0,0.0,0.0,,,0.3,4.2
535,Dylan Drummond   ATL,WR,9,,,,,BYE,,,0.0,0.0,,,1.8,0.3,2.1,0.0,0.0,0.0,0.0,0.5,4.2
537,Xavier Restrepo   TEN,WR,2,,,,,,,,,,BYE,,2.6,1.5,,,,,,2.1,4.1
538,Julius Chestnut   TEN,RB,17,0.2,0.0,2.6,0.0,0.3,0.0,0.0,0.5,0.0,BYE,0.0,0.3,0.0,0.0,0.0,0.1,0.0,0.0,0.2,4.0
538,Kylen Granson   PHI,TE,17,0.1,0.5,0.0,0.0,0.0,0.0,0.0,0.0,BYE,0.0,0.4,0.0,0.0,0.0,0.0,0.0,0.0,3.0,0.2,4.0
538,Nathan Carter   ATL,RB,4,,0.0,2.6,,BYE,,,1.4,,,,,,,,,,0.0,1.0,4.0
541,Shane Buechele   KC,QB,1,,,,,,,,,,BYE,,,,,,,,3.9,3.9,3.9
542,Braxton Berrios   HOU,WR,4,,,,,,BYE,-0.1,3.8,0.0,0.0,,,,,,,,,0.9,3.7
543,Dameon Pierce   KC,RB,5,0.5,,,,2.1,,,0.0,,0.0,,,,,,,,1.0,0.7,3.6
543,Albert Okwuegbunam Jr.   LV,TE,1,,,,,3.6,,,BYE,,,,,,,,,,,3.6,3.6
543,Tom Kennedy   DET,WR,6,,,,,,,,BYE,,,,,3.6,0.0,0.0,0.0,0.0,0.0,0.6,3.6
546,Jalin Hyatt   NYG,WR,8,,,0.0,0.0,0.0,1.7,0.0,,0.0,,1.8,,,BYE,0.0,,,,0.4,3.5
546,Keleki Latu   BUF,TE,5,,,,,,,BYE,,,,0.4,0.0,0.0,,,,0.0,3.1,0.7,3.5
548,Velus Jones Jr.   SEA,WR,6,0.0,,0.0,0.0,0.0,,,BYE,,,,,,3.2,0.0,,,,0.5,3.2
548,Nikko Remigio   KC,WR,14,0.0,2.1,1.1,0.0,0.0,0.0,0.0,0.0,0.0,BYE,0.0,0.0,0.0,,0.0,0.0,,,0.2,3.2
548,Tyler Goodson   IND,RB,11,,,0.6,0.0,,,,0.2,0.8,0.4,BYE,0.0,0.0,0.0,0.0,0.9,,0.3,0.3,3.2
548,Deven Thompkins   ATL,WR,7,,,,,BYE,0.0,,,,,,,2.8,0.4,0.0,0.0,0.0,0.0,0.5,3.2
552,KhaDarel Hodge   ATL,WR,12,0.0,0.0,0.0,,BYE,0.0,0.0,3.1,0.0,0.0,0.0,0.0,,,0.0,,,0.0,0.3,3.1
552,Jalen Brooks   ARI,WR,6,,,,,0.0,,,BYE,,,,,,3.2,-0.1,0.0,0.0,0.0,0.5,3.1
554,Justin Watson   HOU,WR,3,2.7,0.3,,,,BYE,,,,,,,,,,,,0.0,1.0,3.0
554,Ben Sims   MIN,TE,9,,,,,,0.0,,,,0.0,,0.0,0.0,0.9,0.0,0.0,0.3,1.8,0.3,3.0
554,Clayton Tune   GB,QB,2,,,,,BYE,,,,,,,,,,,,-0.7,3.7,1.5,3.0
557,Teddy Bridgewater   TB,QB,4,,,,,,,-0.1,0.0,BYE,,-0.1,3.1,,,,,,,0.7,2.9
558,Reggie Gilliam   BUF,RB,17,0.0,0.0,0.0,0.0,0.0,0.0,BYE,0.0,0.0,0.0,0.0,0.2,0.0,0.0,0.0,0.0,0.0,2.6,0.2,2.8
558,James Mitchell   CAR,TE,5,,,,1.7,1.1,0.0,,,,,,,0.0,BYE,,,,0.0,0.6,2.8
560,Devin Duvernay   CHI,WR,17,0.0,0.0,0.0,0.0,BYE,0.0,0.0,0.2,0.0,0.0,0.0,0.0,0.0,2.4,0.0,0.0,0.0,0.0,0.2,2.6
560,Jordan Watkins   SF,WR,5,,,,,,,,0.7,1.9,0.0,,,,BYE,0.0,0.0,,,0.5,2.6
560,Tyson Bagent   CHI,QB,3,,1.8,,,BYE,,,,0.8,,0.0,,,,,,,,0.9,2.6
563,Tai Felton   MIN,WR,14,0.0,,0.9,0.0,0.0,BYE,0.0,0.0,0.0,,0.0,0.0,0.0,1.0,0.0,0.6,,0.0,0.2,2.5
563,Beaux Collins   NYG,WR,9,0.0,0.0,0.0,0.0,0.7,0.0,0.0,1.8,0.0,,,,,BYE,,,,,0.3,2.5
563,Durham Smythe   CHI,TE,17,0.0,0.0,0.0,0.0,BYE,0.0,0.0,0.0,0.0,0.0,0.8,0.4,0.0,0.2,0.0,0.0,1.1,0.0,0.1,2.5
563,D'Ernest Johnson   NE,RB,6,,,,,,,0.0,,,0.1,0.6,,,BYE,,0.0,0.5,1.3,0.4,2.5
563,Jonathan Mingo   DAL,WR,6,,,,,,,,,,BYE,,0.0,,0.0,2.5,0.0,0.0,0.0,0.4,2.5
568,Jelani Woods   NYJ,TE,6,,0.0,,,,,,0.0,BYE,,,,,,0.0,0.0,0.4,2.0,0.4,2.4
569,Tay Martin   WAS,WR,3,,,,1.4,0.9,0.0,,,,,,BYE,,,,,,,0.8,2.3
570,Clyde Edwards-Helaire   KC,RB,2,,,,,,,,,0.5,BYE,,1.7,,,,,,,1.1,2.2
571,Trent Sherfield Sr.   ARI,WR,12,0.3,0.3,0.0,0.0,1.5,0.0,0.0,0.0,0.0,0.0,,,,0.0,0.0,,,,0.2,2.1
571,Joshua Dobbs   NE,QB,4,,,,-0.2,,,0.3,,,,,,,BYE,,,1.1,0.9,0.5,2.1
571,DeeJay Dallas   JAC,RB,5,,,,,0.0,0.0,,BYE,,,,,,,,0.0,2.1,0.0,0.4,2.1
574,Shane Zylstra   DET,TE,5,0.0,,,,,,,BYE,,,,,,,0.0,2.0,0.0,0.0,0.4,2.0
574,Jake Bobo   SEA,WR,11,,0.0,0.0,1.7,0.0,0.0,0.3,BYE,,,,0.0,,0.0,0.0,,0.0,0.0,0.2,2.0
574,Jacardia Wright   SEA,RB,1,,,2.0,,,,,BYE,,,,,,,,,,,2.0,2.0
574,Jared Wayne   HOU,WR,1,,,,,,BYE,,2.0,,,,,,,,,,,2.0,2.0
574,Britain Covey   PHI,WR,6,,,,,,,,,BYE,,,,0.0,0.0,0.0,0.0,0.0,2.0,0.3,2.0
579,Tucker Fisk   LAC,TE,10,,,0.0,0.0,0.0,0.0,0.0,0.0,1.2,0.7,0.0,BYE,0.0,,,,,,0.2,1.9
579,Brandon Allen   TEN,QB,1,,,,,,,,,,BYE,,,,,,,,1.9,1.9,1.9
581,Tip Reiman   ARI,TE,5,1.0,0.0,0.8,0.0,0.0,,,BYE,,,,,,,,,,,0.4,1.8
581,Colson Yankoff   WAS,TE,14,0.0,0.0,0.0,0.0,0.0,0.0,0.0,,,0.0,0.4,BYE,1.4,0.0,0.0,,0.0,0.0,0.1,1.8
583,Roschon Johnson   CHI,RB,6,,0.0,0.0,0.0,BYE,0.6,1.1,,,,0.0,,,,,,,,0.3,1.7
583,Tahj Washington   MIA,WR,6,,,,,0.0,,,,-0.9,0.0,0.0,BYE,,,,,0.0,2.6,0.3,1.7
583,David Moore   CAR,WR,4,0.0,0.0,0.5,1.2,,,,,,,,,,BYE,,,,,0.4,1.7
583,Zaire Mitchell-Paden   NO,TE,8,0.0,0.0,0.0,0.0,0.3,0.0,,,,1.4,BYE,0.0,,,,,,,0.2,1.7
587,Will Mallory   IND,TE,2,,,,,0.0,,,,,,BYE,,,,,,1.6,,0.8,1.6
588,Lucas Krull   DEN,TE,4,0.6,0.0,0.9,,,,,0.0,,,,BYE,,,,,,,0.4,1.5
588,Tim Jones   JAC,WR,4,0.0,0.0,,,,,,BYE,1.5,0.0,,,,,,,,,0.4,1.5
588,Jakobie Keeney-James   GB,WR,1,,,,,BYE,,,,,,,,,,,,,1.5,1.5,1.5
591,Ben Yurosek   MIN,TE,12,0.0,0.0,0.0,,,BYE,0.0,0.5,0.0,0.0,0.0,,,,0.0,0.0,0.0,0.9,0.1,1.4
591,Zach Wilson   MIA,QB,4,1.6,,,,,,,0.0,,,,BYE,,-0.2,,,,0.0,0.3,1.4
593,Alex Bachman   LV,WR,13,0.0,0.0,0.0,,0.9,0.0,0.0,BYE,0.0,0.0,,0.0,0.0,,,0.3,0.0,0.0,0.1,1.2
593,Anthony Richardson Sr.   IND,QB,2,,,-0.1,,1.3,,,,,,BYE,,,,,,,,0.6,1.2
595,Jacob Saylors   DET,RB,11,0.0,0.0,0.0,1.1,0.0,,0.0,BYE,0.0,,0.0,0.0,,0.0,,0.0,,,0.1,1.1
595,Payne Durham   TB,TE,17,0.0,0.0,0.0,0.0,0.0,0.0,0.0,0.0,BYE,0.0,0.0,0.0,1.1,0.0,0.0,0.0,0.0,0.0,0.1,1.1
595,Josh Williams   TB,RB,2,,,,,0.0,,,1.1,BYE,,,,,,,,,,0.6,1.1
595,Patrick Ricard   BAL,RB,12,,,,,,0.0,BYE,0.0,0.0,0.3,0.0,0.0,0.0,0.0,0.0,0.0,0.0,0.8,0.1,1.1
595,Sal Cannella   CLE,TE,2,,,,,,,,,BYE,,,,,,,,1.1,0.0,0.6,1.1
600,Moliki Matavao   NO,TE,6,0.0,0.0,,0.0,,,,,,,BYE,,,,,0.0,1.0,0.0,0.2,1.0
600,Quentin Skinner   NYJ,WR,1,,,,,,,,,BYE,,,,,,,,,1.0,1.0,1.0
602,Bryce Oliver   TEN,WR,3,0.8,0.0,,,,,,,,BYE,,,,,,,,0.0,0.3,0.8
602,Andre Baccellia   ARI,WR,5,,,,,,,,BYE,,,0.5,0.0,0.0,0.3,0.0,,,,0.2,0.8
602,Amar Johnson   LAC,RB,1,,,,,,,,,,,0.8,BYE,,,,,,,0.8,0.8
605,Chris Manhertz   NYG,TE,17,0.0,0.0,0.7,0.0,0.0,0.0,0.0,0.0,0.0,0.0,0.0,0.0,0.0,BYE,0.0,0.0,0.0,0.0,0.0,0.7
605,Harrison Bryant   HOU,TE,12,,0.0,0.0,0.0,0.5,BYE,0.0,0.0,0.2,0.0,,,,,0.0,0.0,0.0,0.0,0.1,0.7
605,Ross Dwelley   CAR,TE,10,,,0.0,0.0,0.0,0.0,0.0,,,0.0,0.0,0.0,0.3,0.4,,,,,0.1,0.7
605,Cam Grandy   CIN,TE,5,,,0.6,0.0,,,0.0,,,BYE,,,,,0.0,0.1,,,0.1,0.7
605,Kalel Mullings   TEN,RB,5,,,,,,,,,,BYE,,0.0,0.0,,0.3,0.0,0.4,,0.1,0.7
605,Dylan Laube   LV,RB,17,0.0,1.7,0.2,0.0,0.0,0.0,0.4,BYE,0.0,0.0,0.0,0.0,0.0,0.0,0.4,0.0,0.0,-2.0,0.0,0.7
605,Gardner Minshew II   KC,QB,4,,,,-0.3,,,-0.3,,,BYE,,,,,-0.1,1.4,,,0.2,0.7
612,Anthony Gould   IND,WR,11,0.0,0.0,0.0,0.0,0.0,0.0,0.3,0.0,,,BYE,0.0,0.0,0.3,,,,,0.1,0.6
612,Owen Wright   TB,RB,3,,,,,,0.0,,,BYE,,0.0,0.6,,,,,,,0.2,0.6
612,Myles Gaskin   SEA,RB,1,,,,,,,,BYE,,,,,0.6,,,,,,0.6,0.6
615,Craig Reynolds   NE,RB,6,0.0,0.4,,0.0,0.0,0.0,,,,0.0,,,,BYE,,,,,0.1,0.4
615,Feleipe Franks   ATL,QB,12,0.0,,,0.0,BYE,0.2,,0.0,0.0,0.0,0.0,0.2,0.0,0.0,,0.0,,0.0,0.0,0.4
615,Blake Whiteheart   CLE,TE,16,0.0,0.0,0.0,0.0,0.0,0.0,0.4,0.0,BYE,0.0,,0.0,0.0,0.0,0.0,0.0,0.0,0.0,0.0,0.4
615,Sione Vaki   DET,RB,8,,,0.0,,,,,BYE,0.0,0.4,,,0.0,0.0,0.0,,0.0,0.0,0.1,0.4
615,Jalen Royals   KC,WR,7,,,,0.0,0.0,0.0,0.0,,,BYE,,,,,,0.0,0.0,0.4,0.1,0.4
615,Jared Wiley   KC,TE,4,,,,,,,,,,BYE,,,0.4,,,0.0,0.0,0.0,0.1,0.4
621,Carter Runyon   LV,TE,11,,,,,0.0,0.0,0.3,BYE,0.0,,0.0,0.0,0.0,0.0,,0.0,0.0,0.0,0.0,0.3
621,Drake Dabney   GB,TE,2,,,,,BYE,,,,,,,,,,,,0.0,0.3,0.2,0.3
621,Samori Toure   NO,WR,1,,,,,,,,,,,BYE,,,,,,,0.3,0.3,0.3
624,Kendall Milton   CIN,RB,1,,,,,,,,,,BYE,0.2,,,,,,,,0.2,0.2
625,Robert Tonyan   KC,TE,16,0.0,0.0,0.0,0.0,0.0,0.0,0.0,0.0,0.0,BYE,0.1,0.0,0.0,0.0,0.0,0.0,,0.0,0.0,0.1
625,Pharaoh Brown   ARI,TE,7,,,,,,,,BYE,,,0.0,0.0,0.0,0.0,0.1,0.0,,0.0,0.0,0.1
625,Malik Cunningham   DET,QB,1,,,,,,,,BYE,,,,,,0.1,,,,,0.1,0.1
625,Drew Lock   SEA,QB,5,,,0.5,,,,,BYE,0.0,-0.4,,,0.0,0.0,,,,,0.0,0.1
629,Teagan Quitoriano   ATL,TE,15,0.0,0.0,0.0,0.0,BYE,0.0,,0.0,,0.0,0.0,0.0,0.0,0.0,0.0,0.0,0.0,0.0,0.0,0.0
629,Justin Shorter   LV,WR,5,0.0,,0.0,0.0,,0.0,0.0,BYE,,,,,,,,,,,0.0,0.0
629,Jakob Johnson   HOU,RB,7,0.0,0.0,0.0,,,BYE,,,,,0.0,0.0,0.0,0.0,,,,,0.0,0.0
629,Travis Vokolek   ARI,TE,3,0.0,0.0,,,0.0,,,BYE,,,,,,,,,,,0.0,0.0
629,Jeremiah Webb   NE,WR,2,0.0,,,,,,,,,,,,,BYE,,,,0.0,0.0,0.0
629,Jack Westover   NE,TE,17,0.0,0.0,0.0,0.0,0.0,0.0,0.0,0.0,0.0,0.0,0.0,0.0,0.0,BYE,0.0,0.0,0.0,0.0,0.0,0.0
629,Russell Gage Jr.   SF,WR,1,0.0,,,,,,,,,,,,,BYE,,,,,0.0,0.0
629,Patrick Murtagh   DEN,TE,1,0.0,,,,,,,,,,,BYE,,,,,,,0.0,0.0
629,Jeff Wilson Jr.   MIA,RB,2,0.0,,,,,,,,,,,BYE,,,,,,0.0,0.0,0.0
629,DeAndre Carter   CLE,WR,5,0.0,0.0,0.0,0.0,,,,,BYE,,,0.0,,,,,,,0.0,0.0
629,Brady Russell   SEA,TE,16,0.0,0.0,0.0,0.0,0.0,0.0,0.0,BYE,0.0,0.0,0.0,0.0,0.0,0.0,0.0,0.0,,0.0,0.0,0.0
629,Isaac Guerendo   SF,RB,8,0.0,0.0,0.0,,0.0,,0.0,,0.0,,0.0,,0.0,BYE,,,,,0.0,0.0
629,Jason Brownlee   KC,WR,6,0.0,0.0,0.0,,0.0,0.0,,,,BYE,,,,,,,,0.0,0.0,0.0
629,Ulysses Bentley IV   IND,RB,1,0.0,,,,,,,,,,BYE,,,,,,,,0.0,0.0
629,Ko Kieft   TB,TE,3,0.0,0.0,0.0,,,,,,BYE,,,,,,,,,,0.0,0.0
629,Robbie Ouzts   SEA,TE,12,0.0,0.0,0.0,,,,,BYE,0.0,0.0,0.0,0.0,0.0,0.0,,0.0,0.0,0.0,0.0,0.0
629,Cameron Latu   PHI,TE,15,,0.0,0.0,0.0,0.0,0.0,0.0,0.0,BYE,0.0,0.0,0.0,0.0,0.0,0.0,,0.0,0.0,0.0,0.0
629,Jordan Mims   TEN,RB,1,,0.0,,,,,,,,BYE,,,,,,,,,0.0,0.0
629,Brayden Willis   SF,TE,6,,0.0,0.0,0.0,0.0,0.0,,,,,,,,BYE,,,0.0,,0.0,0.0
629,James Winchester   KC,TE,3,,0.0,0.0,,,,,,,BYE,,,,,,0.0,,,0.0,0.0
629,Logan Woodside   ARI,QB,3,,0.0,0.0,0.0,,,,BYE,,,,,,,,,,,0.0,0.0
629,Dominic Lovett   DET,WR,8,,0.0,0.0,0.0,0.0,0.0,,BYE,,0.0,0.0,,,0.0,,,,,0.0,0.0
629,Treyton Welch   NO,TE,3,,,0.0,,,,,,,,BYE,,,,,,0.0,0.0,0.0,0.0
629,Xazavian Valladay   MIN,RB,1,,,0.0,,,BYE,,,,,,,,,,,,,0.0,0.0
629,Dalevon Campbell   LAC,WR,2,,,0.0,0.0,,,,,,,,BYE,,,,,,,0.0,0.0
629,Sincere McCormick   MIN,RB,1,,,0.0,,,BYE,,,,,,,,,,,,,0.0,0.0
629,Simi Fehoko   ARI,WR,7,,,0.0,0.0,0.0,0.0,0.0,BYE,0.0,0.0,,,,,,,,,0.0,0.0
629,Malik Turner   SF,WR,3,,,0.0,,0.0,,0.0,,,,,,,BYE,,,,,0.0,0.0
629,Brett Rypien   MIN,QB,1,,,0.0,,,BYE,,,,,,,,,,,,,0.0,0.0
629,Kaden Davis   CLE,WR,2,,,0.0,,,,,,BYE,,0.0,,,,,,,,0.0,0.0
629,Jordan James   SF,RB,2,,,0.0,,,,,,,,,,,BYE,,0.0,,,0.0,0.0
629,Jalen Moreno-Cropper   DAL,WR,4,,,0.0,0.0,0.0,0.0,,,,BYE,,,,,,,,,0.0,0.0
629,Stephen Carlson   CHI,TE,2,,,,0.0,BYE,,,0.0,,,,,,,,,,,0.0,0.0
629,Kenny Yeboah   DET,TE,1,,,,0.0,,,,BYE,,,,,,,,,,,0.0,0.0
629,Trey Sermon   PIT,RB,3,,,,0.0,BYE,,,,0.0,0.0,,,,,,,,,0.0,0.0
629,Jackson Meeks   DET,WR,2,,,,0.0,,,,BYE,,,0.0,,,,,,,,0.0,0.0
629,Nick Vannett   LAR,TE,5,,,,0.0,0.0,,,BYE,0.0,,,,,0.0,,,,0.0,0.0,0.0
629,Avery Williams   NYJ,RB,1,,,,,0.0,,,,BYE,,,,,,,,,,0.0,0.0
629,Jacob Cowing   SF,WR,1,,,,,0.0,,,,,,,,,BYE,,,,,0.0,0.0
629,Ja'Corey Brooks   WAS,WR,1,,,,,,0.0,,,,,,BYE,,,,,,,0.0,0.0
629,Lew Nichols III   PIT,RB,2,,,,,BYE,0.0,,,0.0,,,,,,,,,,0.0,0.0
629,Parris Campbell   DAL,WR,1,,,,,,0.0,,,,BYE,,,,,,,,,0.0,0.0
629,Thomas Fidone II   NYG,TE,2,,,,,,,0.0,,0.0,,,,,BYE,,,,,0.0,0.0
629,Kye Robichaux   DET,RB,1,,,,,,,0.0,BYE,,,,,,,,,,,0.0,0.0
629,Laquon Treadwell   IND,WR,9,,,,,,,0.0,,,0.0,BYE,0.0,0.0,0.0,0.0,0.0,0.0,0.0,0.0,0.0
629,Cade McDonald   CLE,WR,1,,,,,,,0.0,,BYE,,,,,,,,,,0.0,0.0
629,E.J. Jenkins   PHI,TE,2,,,,,,,0.0,,BYE,,,,,,,0.0,,,0.0,0.0
629,Quinton Bell   MIA,WR,5,,,,,,,0.0,,,0.0,,BYE,,,,0.0,0.0,0.0,0.0,0.0
629,Eric Gray   NYG,RB,3,,,,,,,0.0,,,,,0.0,,BYE,,,0.0,,0.0,0.0
629,Hayden Rucci   MIA,TE,4,,,,,,,,0.0,0.0,0.0,0.0,BYE,,,,,,,0.0,0.0
629,Michael Burton   DEN,RB,1,,,,,,,,0.0,,,,BYE,,,,,,,0.0,0.0
629,Brandon Smith   NE,WR,1,,,,,,,,0.0,,,,,,BYE,,,,,0.0,0.0
629,Raheem Blackshear   NYJ,RB,1,,,,,,,,0.0,BYE,,,,,,,,,,0.0,0.0
629,Princeton Fant   DAL,TE,1,,,,,,,,,0.0,BYE,,,,,,,,,0.0,0.0
629,Marcedes Lewis   DEN,TE,5,,,,,,,,,0.0,0.0,0.0,BYE,,0.0,,,0.0,,0.0,0.0
629,Stetson Bennett IV   LAR,QB,1,,,,,,,,BYE,0.0,,,,,,,,,,0.0,0.0
629,Nick Kallerup   SEA,TE,9,,,,,,,,BYE,0.0,0.0,0.0,0.0,0.0,0.0,0.0,0.0,0.0,,0.0,0.0
629,Ricky White III   SEA,WR,2,,,,,,,,BYE,0.0,0.0,,,,,,,,,0.0,0.0
629,Dan Chisena   CAR,WR,1,,,,,,,,,,0.0,,,,BYE,,,,,0.0,0.0
629,Dalen Cambre   NYG,WR,6,,,,,,,,,,,0.0,0.0,0.0,BYE,0.0,,0.0,0.0,0.0,0.0
629,Elijah Mitchell   NE,RB,1,,,,,,,,,,,0.0,,,BYE,,,,,0.0,0.0
629,Chase Edmonds   WAS,RB,3,,,,,,,,,,,0.0,BYE,,,0.0,,0.0,,0.0,0.0
629,Nikola Kalinic   CHI,TE,2,,,,,BYE,,,,,,,0.0,,,,,,0.0,0.0,0.0
629,Chris Collier   LV,RB,1,,,,,,,,BYE,,,,0.0,,,,,,,0.0,0.0
629,Deion Hankins   CHI,RB,1,,,,,BYE,,,,,,,0.0,,,,,,,0.0,0.0
629,Gary Brightwell   CIN,RB,2,,,,,,,,,,BYE,,0.0,0.0,,,,,,0.0,0.0
629,Zach Horton   DET,TE,2,,,,,,,,BYE,,,,,0.0,,,,,0.0,0.0,0.0
629,Keilan Robinson   NYJ,RB,1,,,,,,,,,BYE,,,,0.0,,,,,,0.0,0.0
629,Jashaun Corbin   NE,RB,1,,,,,,,,,,,,,0.0,BYE,,,,,0.0,0.0
629,DJ Turner   LV,WR,1,,,,,,,,BYE,,,,,,0.0,,,,,0.0,0.0
629,Alexander Mattison   MIA,RB,2,,,,,,,,,,,,BYE,,0.0,0.0,,,,0.0,0.0
629,Chandler Brayboy   JAC,WR,1,,,,,,,,BYE,,,,,,,0.0,,,,0.0,0.0
629,Jordan Moore   CIN,WR,1,,,,,,,,,,BYE,,,,,0.0,,,,0.0,0.0
629,Giovanni Ricci   DET,TE,3,,,,,,,,BYE,,,,,,,0.0,0.0,0.0,,0.0,0.0
629,Chris Blair   ATL,WR,3,,,,,BYE,,,,,,,,,,0.0,0.0,0.0,,0.0,0.0
629,Coleman Owen   IND,WR,2,,,,,,,,,,,BYE,,,,0.0,0.0,,,0.0,0.0
629,Kristian Wilkerson   TEN,WR,1,,,,,,,,,,BYE,,,,,0.0,,,,0.0,0.0
629,Lawrence Cager   WAS,WR,1,,,,,,,,,,,,BYE,,,,0.0,,,0.0,0.0
629,Steven Sims Jr.   ARI,WR,3,,,,,,,,BYE,,,,,,,,0.0,0.0,0.0,0.0,0.0
629,Bryson Green   ARI,WR,1,,,,,,,,BYE,,,,,,,,0.0,,,0.0,0.0
629,Maurice Alexander   CHI,WR,1,,,,,BYE,,,,,,,,,,,0.0,,,0.0,0.0
629,Keaontay Ingram   KC,RB,2,,,,,,,,,,BYE,,,,,,0.0,,0.0,0.0,0.0
629,River Cracraft   WAS,WR,2,,,,,,,,,,,,BYE,,,,,0.0,0.0,0.0,0.0
629,Will Grier   DAL,QB,1,,,,,,,,,,BYE,,,,,,,0.0,,0.0,0.0
629,Zach Davidson   NYG,TE,1,,,,,,,,,,,,,,BYE,,,0.0,,0.0,0.0
629,CJ Dippre   NE,TE,2,,,,,,,,,,,,,,BYE,,,0.0,0.0,0.0,0.0
629,Sean McKeon   IND,TE,1,,,,,,,,,,,BYE,,,,,,,0.0,0.0,0.0
629,Tejhaun Palmer   ARI,WR,1,,,,,,,,BYE,,,,,,,,,,0.0,0.0,0.0
629,Jimmy Holiday   KC,WR,1,,,,,,,,,,BYE,,,,,,,,0.0,0.0,0.0
629,Jeshaun Jones   MIN,WR,1,,,,,,BYE,,,,,,,,,,,,0.0,0.0,0.0
629,Nick Mullens   JAC,QB,5,,,,,,,,BYE,,,0.0,,-0.3,0.0,-0.2,,,0.4,0.0,0.0
720,Kedon Slovis   ARI,QB,2,,,,,,,,BYE,,0.0,,-0.1,,,,,,,0.0,-0.1
720,Jarrett Stidham   DEN,QB,1,,,,,,,,-0.1,,,,BYE,,,,,,,-0.1,-0.1
720,Adrian Martinez   SF,QB,1,,,,,,,,,-0.1,,,,,BYE,,,,,-0.1,-0.1
723,Nyheim Miller-Hines   NO,RB,4,,,,,,0.0,0.0,-0.2,,,BYE,,,,,,,0.0,-0.1,-0.2
723,Travis Homer   CHI,RB,8,,,,,BYE,,0.0,0.0,0.0,,-0.2,,0.0,0.0,,,0.0,0.0,0.0,-0.2
725,Kyle Allen   DET,QB,4,,0.0,,-0.2,,,,BYE,,-0.1,,,,,,,0.0,,-0.1,-0.3
726,Ke'Shawn Williams   CIN,WR,11,,,,,,0.0,0.0,0.0,0.0,-2.0,0.0,0.0,0.0,,,0.1,0.5,0.9,0.0,-0.5
726,Derius Davis   LAC,WR,11,0.3,0.0,-1.8,,,,0.0,0.0,0.0,0.3,0.0,BYE,0.0,0.0,,,,0.7,0.0,-0.5
728,Jimmy Garoppolo   LAR,QB,5,,0.0,,0.0,,,-0.3,BYE,,,,,,-0.4,,,,-0.3,-0.2,-1.0
729,Jalen Milroe   SEA,QB,4,0.1,,0.3,,-2.0,,,BYE,,,,0.0,,,,,,,-0.4,-1.6
730,Jamal Agnew   ATL,WR,11,0.0,,,0.0,BYE,0.0,0.0,0.0,0.0,0.0,0.0,0.0,-2.0,0.0,,,,,-0.2,-2.0
730,LaJohntay Wester   BAL,WR,16,0.0,0.0,0.0,0.0,0.0,0.0,BYE,,0.0,0.0,-2.0,0.0,0.0,0.0,0.0,0.0,0.0,0.0,-0.1,-2.0
730,Mecole Hardman Jr.   BUF,WR,2,,,,,,,BYE,,,,-2.0,,,,,0.0,,,-1.0,-2.0
733,Xavier Gipson   NYG,WR,6,-2.0,,,,,,0.0,0.3,,0.0,0.0,-1.7,,BYE,,,,,-0.6,-3.4
734,Myles Price   MIN,WR,16,0.0,-2.0,0.0,0.0,0.0,BYE,0.0,0.0,0.0,-2.0,0.0,-2.0,0.0,0.0,0.0,0.0,0.0,,-0.4,-6.0